ticket_id,flight_id,purchase_date,class,price
eec75c2346f052d1ac6d0ad68ca66002532b12a5e5ba4afd35d7255e4fd50c17,d63fc4279f2fc2cfbedf95cd1d12fe21429351fc260615cb6b79e21e96fb084e,2023-04-02,Economy,229
d91fb20a7b7dcdfb22da0c25b9d710ca213ca473c4a4816a0fbf638fa39219b3,170f8f9d71af1d1691b8f083ee36e9a80de1c085220dbfc5adbbaa44a5010ca5,2023-04-02,Economy,229
6d9a0f6f5e64b7600636d95ccef5d694139da96616a6f7fd0438b40ea5eb5eb4,14cafd18c1cf34570d2ac88f90261853213f843f3e2ca9d773975804f6f04ae0,2023-04-02,Economy,378
d1293d82b9da1aa6fe7f3c8d9038d0a7e311253265c90ebbfe4c5b7d6a25a7d4,07b569354a53ff184959602672a2f2258beac0b231ef80d3bb45934bde620aaa,2023-04-02,Economy,378
9ceb6978c83d183d8b48778177ea6a778f77a516ec5fa87c8ac9fb8412f2c9f7,e59db34732da9960dd93e358fbcf536082d8e49408173078125d22c6c2c39c3e,2023-04-02,Economy,
d7e6659f219d8a5d3ae05315c237c9229da3a29bf5b3f2516f9367ecb2b79e87,d47798987055868e1a220e002ef8d777db6a109a539d7b020e094d6efc5d78df,2023-04-02,Economy,378
e22a1e4184f9fbdf48873eb43386d6f3f3deea1689e59e643462da0dc1691566,814405a7c59c7c4fcf52b1a126206eee1bfeaa4bd1542e68367710f2dce6a795,2023-04-02,Economy,378
cb4b1589a0cbb2e1a9faf865b29249205b98746cfc491418ed939cbf5165f10b,48e122a9095f0b38f3fd4403241d865bbf8e811faafeedf43008e52d23b8be6c,2023-04-02,Economy,378
5bf24de0ab102dc55e5fb645b0bdab1d1c8f2cc2d4dd27e71ca9065e161b297a,edbb2ad9bd27e5acc3d86e6874e433143d990aeab44472996b7ff198b9d26df7,2023-04-02,Economy,378
18cf8a2a17f911b3a832f71ceecb651d9bbdba13ce7523c16f36748693d2df5d,f99af98bb3e8267a5e4d46b82e5ad326e7ce8bc7c51a225213f2e45c7c056144,2023-04-02,Economy,378
c760a109069c41bbf4943dd9a7b90ff4958c05676e0a37a6fb345f7b5d541c26,9145c377ce346902df340f4d4f8e7b5d111af748f0c3340b2db2effb335ebc4c,2023-04-02,Economy,378
f055e78ee0feb3c3dd5d38bff06800d05e7fca45b31bee6152a2eb03817b1810,7815e68f6c34eff6c4aef868f1d2d1c8e02269916e29f77190d34edd915d4a0f,2023-04-02,Economy,378
9a60a1216484b1fecb636e94087f027d6365fe106ded133391e1d2a05b702a98,2498caa1632eb07c33946c7a74089de536f26c8ae088b20f737340d05b786ae7,2023-04-02,Economy,378
cc51edd386230f966a561a0b5960a3d4a075b490b717f8d7fa3f5e38702d271b,b29be4aaf6841e69a15ac4c1d8c9745a9c862a903550d3e098f276ce3dfc1913,2023-04-02,Economy,378
fd62551cc23c758588e5e52e1af4e479fe4645dac3e8c21ad71014865ac43357,cdc72e46e11228ee4d2f5ac13f520720598d14c65cbcb743758a8d634e488545,2023-04-02,Economy,378
215b8ca86414d9ab2431cc40c8c15472783c00389ee0eeacdd1443da8ef2a004,72ea7a62a1879820d2cbeffdb44ee0e47b57443967f88fa837e675763e4adf6c,2023-04-02,Economy,378
cb56a8b9e6e7b57c3183fe3650b3a1e68cdb214ac27640817cb7af6ae45d46dc,23c0f5114df0d74ed2ff6ed35fbae2a6dfe61a4de45fbfff96240cecfae20ff3,2023-04-02,Economy,378
be5b2cdde5e8ff567628edbbce64c34a492a69a162902f5720f492bda2374c90,75b315ac89d6dc2c671021c6a6e4c6908e3f4094e60a1e5bad8bab03eb71a90b,2023-04-02,Economy,378
f8b575ea8b4aee56f8ea0db88a86a64d8c27657cbe60a8d75f2031d7403dbd20,b96eed444f16bb59ea62bb17e1704e8cdab4c91df2a4d70245104dbaa158c2ca,2023-04-02,Economy,378
f8611586515ac61560fd8fe3f2875cbd4a2d0eebd41e5fc28fc4f112eda45a57,0bbb429a958bbbc203763c154d658d789d0d1726eea344fa04283d60ab31f8db,2023-04-02,Economy,378
b90384b7bb70c5cd7b3a7fa6fadd4b5cec95a887836950e42424afca520bfe01,024885e6af3bd26a30bd0b9ab7505268427cf0a2150fd779762fc0c9ca9c9f98,2023-04-02,Economy,
b71132e1f0c98ca4f0e81808a528741986dbc918ebcc353904e1e06816a9e2ff,10b6cc4715fb4877a618f57459fa50f3485cd12ef3a438f55c75256535a67bc7,2023-04-02,Economy,
e4766a364b666e474f63fcf901133cf3a155540ab385b6bd5e48c66646723251,73d203b58c957c28de548c30c917ffe751bc1c9c28df78a244b6c4e45648f99a,2023-04-02,Economy,255
3b2204bd42d23bf4c63cf3bfe8be9a3da5a5bd5c30e376efa9672798942826f9,4d246ed9644a4827e7e543b74562b42531ef01a135df49b800cf7d41b5db2fcc,2023-04-02,Economy,255
8d3daeed403c8ba9483fa17a4ebf154c672ead3d606f4e31498e27007495aa80,b720789c0a9551121b08a4706116ee619f362dcc6185b7151de5eb9efe2ead8d,2023-04-02,Economy,255
657740a625e3c48be12ce936a28d0fd34ab75206b74d737bc0553c9a30c0b1d4,903540a63558c3ba264032558e984a100a52ad3055eacb944793f36f4607c267,2023-04-02,Economy,255
c647636b1587b70688216f8651a2d96e068a44a5a11b5b367f61b46f852385a1,edc52f22dca6bcec83caa72af1cf1bc7e70d239442180dbb45502408bf6e2efe,2023-04-02,Economy,
ee6becdaea50ed60d34b94377aaf5addb4c065d263c65b67e9bc9bb1abc94c62,7e95a3f741019360d83d70173210352725499f57b2fea0901711c4e3685ac6ae,2023-04-02,Economy,229
ae1fcc3e32a09761646d0a156370cea23d25ccb0ca7d026ce492440f32fb0a7b,4f13303fb213c9e1a2720347ab4612c012c8f8b5c46e1f0f2298f0452ac21b5e,2023-04-02,Economy,229
cb569a8e150da5fc69036b2396ecea77b8b08e4a6b85b6bf7bff6ce1549c38c3,16668c8eddabebf3bc086d14c86f96b56283cc513c4f9fdf7ef0adfd87202e1b,2023-04-02,Economy,255
f5fa5acc687015d3a1aeb2d1cd62700e162760409987120e187b54ec90745d32,853939fece1fc86dea2b0abe7833360255f7ae34081f003042a5caaab5198d42,2023-04-02,Economy,255
214d40acea206d9063c639b51366372907374e679f5b9c5c9351f5b5504b2fcb,e23453a99516cf569be0ee72a4b98991ba2a280bc71501bd4308e1dfc18e9764,2023-04-02,Economy,255
9842fff1508a5a1aecbbd391241f25634ae6677d9d7c2e4c654c402de966db6a,e6100405d67f49ecb5f2e0e621912c88da04e7ab66cf368068b235745de9dcf9,2023-04-02,Economy,255
9370bd26e69017ce95af865eb60b3d4e5116e4bf3fff1590b2524393397b6f72,ca60f0f8278325bb42635e281aadb958b7e31fca19cec3f0c01fae1874029039,2023-04-02,Economy,255
c6eff36fc9fe36082527bded3d66c189dfcc8b6943b6da13f96d6a25395ba8a4,9ddba6e20d27abb621beb8c77b3527d8e9dbcbb923253a707b3336331932395c,2023-04-02,Economy,255
e8af48ff72c6ad22465526709f5a0d0e686c61f3a0d33841c7591f2bc8045543,4a2697a5f1f758d888b379f268ed6c15f2c812703973f9a3cf91a25bc1558106,2023-04-02,Economy,255
d253a3b13393fc59037ca6178bd917ebfbc38c464024b2536d4b0c98a862812d,ece4bd6a212406ba3ecada80fcfb867005e4d2ba84a43783fb36999083d37f8a,2023-04-02,Economy,255
63bf646b54145b9dd4def3b1d23595a1bb7938210608bbf733dffe783c64529b,f74c4ce794387a9aa9678f752841dc45f843b713c52e221c93b22d93c1e55993,2023-04-02,Economy,255
8a01767c21b39ad5cf314a89e5cd27a954877fec324614e3b40b19ffde1b9946,b3b8f83c0487e431d2f754f5b91ca8290947526307cd3ca6968f2f09a7468c9f,2023-04-02,Economy,255
56144f40c74b90f82351ab3ad7ceac2d3136428c94ec43ee089d0f32d65dc423,c4aad79d910714004a6023562434760a3556a324c57c100054fffc9e860cd6a8,2023-04-02,Economy,255
98ea2778e6ba84b344be71dad5ff695b0c23a3423a6a103653345c1cdb191764,fd563c03e95f5d9d552fd35923f9c6d38322a0fbd3b6e384d953446940b49ff2,2023-04-02,Economy,255
8db692a697b9e9a43f560e81cbcfe0d9680e5f1ed79365162c9055dd16b501db,101f623aa121b464b195c2e0582679bdd039c2a57c1e11098ab06c01cb6d35b1,2023-04-02,Economy,255
e1b44fb9483c5d7f6474304aeeff880daad108f1a25f0744e7b7646cbf09b180,cac94848e2e10701ab03e5b47001e9996be07066afcb9a7e27d29db562162513,2023-04-02,Economy,
128e6b179fedfc46bb430547321ee18b4aec86f257c552dad413c1f913e211e9,18508d925fc5efd40ae5e3ca95a70e3d344baaf23828bd9c509fa34a57f29f42,2023-04-02,Economy,
5998298d84db19cc5c1afe58ba6c72e7939c7157dd86bd9ec94d7a9a3c902c1c,b65f99aac0e873fbf93ecbffc4898aaf09292e89fba5299b2028810010c98388,2023-04-02,Economy,434
a97f06d1a04f47f310f392a419cc6e611ea4ac175e350fa2ee0727c1c641f93a,bb68c014a7dd873893b54724967e8811178fdba76d24fc62e27cda945547d9f4,2023-04-02,Economy,434
87e5bb1b481f140ebd81557dd0e385f8e9921387be7a16f4f77869ba04a3a9d7,21ab0a7bef0b9112c040ec5243dcd0de8887265b73f232aabb2e52fec0e46207,2023-04-02,Economy,434
baa4c1c4f576f024a8f6b0977a5720289b382916e970d0e7bd8e643aa1292709,eacf98f0770d393eb176c67582c291c18cc484434b76dd7cfea67b63c6869f84,2023-04-02,Economy,
b9f221d4c3f35e9ded7d09ca0d418148c8961954fd27bbbaab1eb689c41f259f,842fff304583485334fe7aec6d539434278776930f8ff8674e8d1c0c716d25a9,2023-04-02,Economy,434
db4c3709156560f67c3b93c36e112d87e2b4da5126d8c8297bba0d1f1891561f,8cbf5e039d62513404bde9369b2b2e4c892480e665836bf5dba759152646e4d1,2023-04-02,Economy,434
ceb1bc6b67284d39fd3787bdd5f4c93f7995d2f78b74af57a79100b53420bfc8,947910d25b4039a97676260c30543a62d84de17f640bf36975b2ac2afada9100,2023-04-02,Economy,434
7f57e63bd773c2a71224a6e0f295473a59d0e2327ca847251479f131d7f62ceb,69517f5f7b2bdc7fdd1e99669c29d53f033da3e422498574c66be9b066b15947,2023-04-02,Economy,434
a97bf9f9395ac98f9c613acfb0be37eb2c409c0a36a51da13946ced1395eb7a2,a399a7a20cc91e0ce838cc5d8be6b4db2de988a746785309dcb4b2f2437d2201,2023-04-02,Economy,434
8e66a1967b9671eea7972ea58b3cf5bf865f19cd1f96e7d0ca763c10a9788135,4b8d9df537f9c2f8a8b1af576da5f19a940ef5b8ca2448a072774f720ca80912,2023-04-02,Economy,434
89db330de03598f311f01355f507681e201ea6be63bcd999e520d917d348427e,ba73127d325e7b48b8da85b52abb04d6a890a5d2bd5ef4729d2d562df0339091,2023-04-02,Economy,434
d8bbc0b58fe44eec80d0c08d8943060a8ca0058d83e02dd64e2c6e6ca4dcbc13,d68a535815391c50e9479c76eea0300499d3d4dd69cc6fed9216c3b1cb533c0b,2023-04-02,Economy,434
1b793ecea00a60e66252463a960be578d5b9316bf3a668623ec11852aeafd336,9f1f5afb66153155c795d6c60608b07ac0c5ad290b650f47e7e78b0997f749ff,2023-04-02,Economy,434
ca7f31e5a67ed655f11a54d499c70a04eff40f481d133d6d6da79df5b309b597,ae96929afb7b640c568921239951538e4992d4eae72885200f1f39f0ff497f3c,2023-04-02,Economy,434
d8ca7169a318079e2f7649a2843eabb298de5f36e113f092b6baeaec1c1c6288,745f3b9096ed210eb96873392ecf3eff8bd94261116263bc7e4d45f42f58ecf6,2023-04-02,Economy,
bd07717fa1a672177dbdd8807dc2a2145412dde45685258e0cf04e3dd54637e5,7cfa79f5782986bc88b775c6360a9d85d5292031b59fb376ab310623c7d0869d,2023-04-02,Economy,
4b49a2693f5e0f49ae5458d62aee796263cfc5e78a1e9dfd1d3bbc5d3d1147ec,dfd7d0ff3587c061d00915e0255d85191f5f8aa5b3e52cc43d5acdcb355d1f53,2023-04-02,Economy,434
d47751e59ce6ec77de3ffe36c4a464d9a704cf6595014e346ddd92d18dadc3ae,91f8345fba2f3985b39c951918f4cc5cf6a0c12c1ce236c684cc496e2cfd0d1c,2023-04-02,Economy,434
cb1f0dd361f445f4dc4d1549c904236eb7ac24f8b5c38ac6dfe59e8c99238c29,14f1de1e7e84389a3c6a104aaff421db8aeb62bb4ad03ad4d460eec2cc782218,2023-04-02,Economy,434
d828d85d034f925f7aab2341dfd2fc51c79636ee38ef806eb8d95384bef1c790,f37aea4381afd621309c9e79e66243ef678a13284474e0eada9867af0a5746ab,2023-04-02,Economy,
803e5b7b386dcc7054267faae8c7e9258a17f486e0f64aaa9629a64f437c1390,cbde3c05ea4e1e5f2a01933ed2f6ccdffc8fee1e4e2c4fc07e897b6343a0412d,2023-04-02,Economy,434
b43ea856858e832cb4255cd81f137fb894ad8f80edc2310910110d7df914e04d,02cb567b77b22b783b04f640c178b7b4a460ad232681228466639f9a3da067cd,2023-04-02,Economy,434
4b258e9f85c7285f959c2c59f7d602cb90edb09f44efe1068aa135958f26306b,da324eee272c91e35e4e6141766200ce280ef0dd123c2b2aaf0054f26c0035a6,2023-04-02,Economy,434
ee42ac3381206f01fce7b503698dda68e4af165e2d4251fd01531dcc687095d4,d14db88b351cecb32a070065588cbbce62446e2f59fe2e1707d16c1e95e5c0ee,2023-04-02,Economy,434
5da2811295fb031804207ec1190237ef35761c369567e876ea5cfbe65a78e198,960f4e5ded4b16e3086d848759154bf4374e1831e0ba0383cc77994420fb332c,2023-04-02,Economy,434
fea830cd9032c2a4bc5f8c2f2254fe8c46b26e03f5505510f71c738f76357829,19d9f171abd8aa0fc930ab4822816b5295cea2c871ce1a105dabaa794ee31f8c,2023-04-02,Economy,434
cadd66d3bd6b3cbe7c05b510d41a5a5c48d1d4b36a3812458f3e8eb4de5ee646,7ada7319b126c1716fa7ec85854cc7f39da730fb145ad7994d24b6276581bb71,2023-04-02,Economy,434
6d7e38ac140937799ec0d89dfcc5ddf587ec688fda413b903f7e9bce2a1d380a,7d97a66018dda180099cdd2797ad300b7e3b96269bb99ff3f972cb88301fe29f,2023-04-02,Economy,434
2468922d32bade5e834e653239d19c9a3defea0e69948ca3d99d99293aa1e045,6278f0e7487ecab29a2dc1b1ba087babb02216c2849c8c36ce46e96b18601344,2023-04-02,Economy,434
589988579f94e4eb9c9c57326722ffdcdfc5f4ca8b1746265db4e9e88addcd14,6684914245e7c795baaff4cac5be66008adca8b3f1b6ade08e1f6b704a8c5a4e,2023-04-02,Economy,434
d896c227e9b39b91fcfab8c294c2db9b8aae56d2d149af5f0afcd290a49354d6,c62808818418b5277381751b33bff1c3d8b7f3ae41f55201a98c4247ede9af5b,2023-04-02,Economy,434
7093a43c4260ce3e5b5bd5b12712d36448e0467b6c06c3e7a54351773de57e1b,637d42d2b13861b9cdf20579fe486aff8cc835a0a8a058089bafcd7b8fdcec11,2023-04-02,Economy,
8f685334e078dcd85a850d46770b48480c31863439e39563925ea29acbd6a97e,1b9355ea8bf3067d3cd098458c17416456bd184f20673a0de152afb9d29dd9aa,2023-04-02,Economy,
5c1d54b2089a7c43ec7224dbf2ef8e40bd9be0d97625b7bd8765c6cec81abddd,017ab4605f180701cd5838ac44d53724075fa413ee1e8fc231f495fb39f58c30,2023-04-02,Economy,378
3fbc526526772b6add703498f6a85915c83922331e6e259b155091131579e48c,b54d8c4d0a092bca6ba945e4340ce8f9e23f056da858673fe4bf8be46840e587,2023-04-02,Economy,378
d356c067d4e235fe865683e498703518995a475b69399cea04ff878d69d54621,a372ecf5f72ee5130792fcc844e9db98087d731b38eb20d66c6b5e1227e925d4,2023-04-02,Economy,378
083976dfa9afa1130d42f875206749ccbca423d2a044e6f7a2ede53455e01989,54b23ce89b18aaa4ce006ba0a99dbde52ab5bed189562e7b9138c2f83e52d4d0,2023-04-02,Economy,510
f4f878b2445380f443ab2370fb42e5c2686f49a168189d2d2d2558114c9eb640,301af1b579be2a89f4d37efe2aafabdd6e2f164196339d9e1bb72898aab66144,2023-04-02,Economy,
8b5af6edade869f2ecb97db13e1376409cca434e2e23c6926f3b569bda781a95,67bf8f007b8070ec179b7fbde0b95d7f1b40d833314f32b4824bb7344d4250bc,2023-04-02,Economy,449
562c64cb87afe41aeca33cacbb2af5bd0fcbe2ffffdf8dcf481353b17b92eee3,3b82fc51efab731bd4c74b1290a84c179fc97b0c55c39e9ed576de78d1cd88c6,2023-04-02,Economy,549
07f7bd5504df9e90a62f6a74cee934d0db3fe8d53acd2eb8804640188c872bba,cac3f369c28b46e42b17522e630dc17237f6a91e9f723b50eeefc0690581bf7c,2023-04-02,Economy,679
4ef721eded61d82dc7ec15b1287681da48b466263ffedb572ffa3f50eb87e867,7935eda64862ec46b0a59b9c8909c6514d2cb6f305aff796fb27141485e9abbe,2023-04-02,Economy,679
b60810f627d287db27487a0896d9f782449c9da647f04b7fd26c7c4209e28bc2,abbd1c4667bccbfdba5aef1474f39af85afe6f057dd3bcbd1ded7c415f8d7d1b,2023-04-02,Economy,879
9e2ec996e07f3aef997a563f17e31bed4b0b2e45835256f8aad176a975f18f71,02f67c485684cdaa2c999a6725f33637809e179ff71495f4642ea1241cd810a9,2023-04-02,Economy,879
30f2b0243592f9e91b7ed896b309b7a2b7a6270480ce6281eba6ddf8ab35edbc,95e4a354d467782a16076d1172e2a4831c85f405fa3972f8b782bf02dbd80a7b,2023-04-02,Economy,1277
da4dfdb1ca4f6a49a224905c9e0f7f743d7afe2e7074b60c685a3b8a3d50714a,835ead421651fdc74066fdd2608d226988e3b35a946aa4954a73916acc6848a0,2023-04-02,Economy,1277
b7bff040ccb7a5336bdd23ecb876fcfe7b4fee5ae5e88b736396cf3e228cbdd8,7e2ddf71231dbedad877e675273d16d3647a888d717428392102261bd280c290,2023-04-02,Economy,
7ebe6b3e16841aecad850b9417eb58f53da9921e788cfdb6f44cf38fa6ae6ce8,29d07cac062e0f27a60cef0000b3746454f861ad19fd7f2ae292e9d20821b604,2023-04-02,Economy,
aaf4d50701c4d74a7ef60b25504e1de19421aa34c5e0fd87e89c106d885cf17c,5e863d40c2270837417584c7993c30770b5a6f065ab90a7fc76ca6c4c8058f45,2023-04-02,Economy,255
649ae6a1f6de6a4f8f5a12c253dcd67f048928da337af751980fe580f423dfc8,42d9eaaa5e053d917d421d2b520de5c17c132492af8d5ecf1f8b21f106b684f2,2023-04-02,Economy,255
408cac7a73fd8cfdfcf24fa862399fcfbe235ffa3861a09eb10dc1636f4ee851,32ce76b063a3b5da7fcb73183351ef378bffc6bd52d4dddd1dc0888c80c457c0,2023-04-02,Economy,268
3ac5d52d2819e8da0845aeca409ad502e26e304ac3eb7944b5d5ea7926f42ee6,1027de357ed9d1bfd8cdb3920df2692156cf3dd6f5000ecde1500c19aed92cc0,2023-04-02,Economy,
2902fffeb9348ca3a40219cabfc59702a8b0d7d3a682faf73269dee0163879e7,595d813fea23c05dc6c2c6b94008a44fc88704edf9735b1d1bbf72b6d1739aa9,2023-04-02,Economy,255
6534d57468913c48b77fd26e67e5a7a1188a3e4b1dbb39882b5586e0585ca75a,4847f412a3de6d6ccf93ce736741998b109d35f59d9e522cba8dce45ceb05ca8,2023-04-02,Economy,255
82e350efe85f6949da28550778e0adccff0266baf066909e6ac918b4f1607706,2a9efa724d6f84ace6d76e30c424515fc46964096104b6de3a1dca38e54f3d8a,2023-04-02,Economy,255
d982e1927e7f585d3bc35f8d664066a901b8226b2d2aa283ddf18e2f1d9a435a,7d0cb582b2b277b984041dd2bb6cb64bd7fa152465421a71144391903eba3b39,2023-04-02,Economy,255
abf507aa8be783717a3d72fd8a6f6eb7f21c15d98707e181cda6b54723379406,13cad9b9c47a2a82e5ed9d504ee6d255b6b2954c426a23f097dd0d641e38a1b2,2023-04-02,Economy,255
99d2374b002e2a69346f55cf75ba4fa27222f7784fb05277c85ff3b07789e0bd,affe717b2c7e5408d8003bb804f2b8c632ecb29bd691b94ca66be65e6532ec63,2023-04-02,Economy,275
999e2678c4f1f8b5ac72ea1bbf9c1d2e919a7ea0d859b880c57150ab050ad166,2ac22336acd8850f8e6d4b58a107f14fdf7c79b08ad6a13f2b8b0a64094229bc,2023-04-02,Economy,275
bef9c54ec0733d1795b8131e5147e3ea051cfadc12da1b3fb98ba3144d67cd6d,a26de69e9035f643271b0bf9b6d8cd5023c73bb6c9ec204924b9b89790751833,2023-04-02,Economy,378
e6044ac3dfa7caeeb37d0bfecd4ac0581aaa60c310bf5f2b087da5e6c36484b0,6dbadbe56090fb28efb5fedec17b82e77b6ebde95a1570fcffe78af941c50741,2023-04-02,Economy,378
ebc4b26794b569ca171a835900035fc2984816c2439408cef247e87fb78637cb,5a5ff956d6787131d8bc79682a5e0f43eedffbf6cf1e0489ec50a2ca751e9772,2023-04-02,Economy,378
4f78f9fb6949d8e23871a5b6e939256d1a148d0711903b26d0e7a5f9c3b4d27e,1ca51d221de8d931413c3a53aa9161324462c60ec8e73b7ae05d4ef00773b02b,2023-04-02,Economy,378
8a4ffaa911333b4227ef680ea697a6aac20e6c11eb2bdd44fb600ae914fb5525,4a4722f9e8fbec11843ac8870e0f10ce9ebef033411d5ab5b01368d5b2d60513,2023-04-02,Economy,378
7279d24fbc67b0fefd77caeac6aeaafae7f5e954446ee90b790338388e8d3e89,d1f96690e7c735cfe903287dd06af26502163ed95f7cb95b4ab54c31a554cb11,2023-04-02,Economy,378
8ad05ffae9d9aaa232d928ae87c0a5dbc6997abd53a02442245c9d77111d46c4,7726df5b127bc3a86e77f98294fdac31ea1c25cbb061dc376f9f46b04e34f90d,2023-04-02,Economy,401
f3ad2fd7175a7e1808d3e2d445a45b1bfb582b3219e8445031991bb613e8074e,13928ff29370021fdf8170c487dd092daa26e642c6339aa399b6fea9caa06d39,2023-04-02,Economy,509
f4c8b4c29b51129ff2398dc66fb5b4eac1ca1ffb306b6a94d738ae6223b9573c,d757e745fa29704e7ba96803b465f46030c2a67848fb6c5f5a5e0c9dcd3ab5a3,2023-04-02,Economy,
fa0003e017aa472c93f6dfc74c72f236c29f085b8378aac5f3ab2eb851ce86ee,f82129deb078f068dbc5085b8603f127dfd2184de20d3354d0f07d17c81dc0bf,2023-04-02,Economy,
279d845427ad478a4789dc0ca9f34561983691407dccc77f4c58d57e19f66696,5ef0ff197114e0f7dd9dd95472801e53b2370fe0b30af250c6e42af304f6825c,2023-04-02,Economy,175
6c86d5999e32194f70525a9927941fa98080bf4ea4b33ba7ecb481bc7b8df99b,5112c0f2f4197463d496dc19515a1b21e20f7f51372b06f632676b32bfca976c,2023-04-02,Economy,175
310649741c6a02d07c196fc86826a80b961165869b598c409f33357b2f03a271,4d42d1273cdd63ee56fe3d2036bc7fe8a6159bfc28f2e2b6b1a24c857ffd17e1,2023-04-02,Economy,175
6f0d0140d1ac793af56674fd6a8765d23f0cbc32a7ab9613a3395cb4638a2d9f,0be6a22969ada48ade87ed8dcb135673bb9e9d6af78e9f9eab93377989e23682,2023-04-02,Economy,175
a665e24831fe89137982c1fe39a9e4963c603b59a4b2856b5626abccf6eaed46,d273f44cbe276ac8f459696c0d3e7fef24458e1a87ce9ce39dc57581549cb42f,2023-04-02,Economy,
75b37b999f5a5f4fe60814b17ec042dfe4e1e388e2b79c0b8941e890549df87c,98fb7e69f3be6258a51e90b448c17f45d42d4a99992918c9f8c17c2a7da02e45,2023-04-02,Economy,175
df0106c47e1971463a93f54d71f4b371d8361d233ea56cb971b9c7c84f1ca927,108eea6ec380cf8f34e4c920af7e28787dfbf767dfa67470de51352b32a863af,2023-04-02,Economy,175
18d1d70588471b648b1f4cbfac904af26044bedb0a67da765ecf98f5dbce0222,887b9981a193246bf315c12eaa5076629c7b5cb89ecd9186579a30f54ffe4633,2023-04-02,Economy,175
3f9989363bbc8ff6bb161fc2046313cff8cef565e810f9014622efbcd714a2ba,93c1c08314d892f09d9fafc5857a351fdf9464456c3ae4e050782c576b49badf,2023-04-02,Economy,175
c5ae5cb01b570f86e55069f7203988bce41d1c60d6bf25e47674ccf3f0c26ce6,2ac9527f156fe7b00145671bf9dd3bd3282c212fa865799264a9480a54b5d809,2023-04-02,Economy,175
d0df61793d13f6120ec01fd478c970807a4f75bb3f4aaa91b7990d8367dc6364,694119edcc35861ef35380d06baf469640b98bba114f92fd29f78248c529c8bf,2023-04-02,Economy,180
0d6e56420c19eb6fbad49477b1b682ec239b367d612f7b6ecb3d4d1ad25a9b11,dfa0d68a5064a5fc23fad820889c17f466c15366039d84ea5dd704b565897b1a,2023-04-02,Economy,189
f3fb5c607d36c8f91cf66f8051316e19bcd1265ce7aacd8076dde5972037d827,c592c0ae168a8af7bd2c888628a797aa9aa0b9ad8bd8faa061bf646d770118a2,2023-04-02,Economy,219
a8d8b3fc257d93e8baa442b8e32c72271a95478056ea185d73e5020ec1d6b2af,d4909e58c6fb4de6fa020ee8fb52a3188900be8bd6d2c0c9344c56344343c6ab,2023-04-02,Economy,219
f2206f4e9e3e2122ecad66239fdd3e73292377e3e4ffa5f00143202c0a5ae952,166112e5db1136438ce8a14210f8a7fdc6411f00f8c0b8ecd6957cd7914ca462,2023-04-02,Economy,250
8eb873aecbb29d9d5ff4f8c30c6b6abf8d2aab12cc4f03c6edbe2d141e096514,b701776be19c9c4ec64de0528d7d4e14db681f28fc71baa45ee24a8cfb3961c1,2023-04-02,Economy,255
81b97030e3f1fdd6b12eb21567012305a395dcc67cb0bb928d49a8b3b1c3b6d2,87c790e8b6520c643757214601ff1f3a87c44b8e076b7d431acca16f74d63498,2023-04-02,Economy,255
c699e4a88cbb8a8abb063cb3c0eef66b736f1e95821a29bc73f85cb9c6c8e1be,83d9a5b1b3c2671cc9fd9d108d2102419e52798bdbf2e92159f64ad008462b87,2023-04-02,Economy,255
d683dc8fa728c2140685ff16cce0642b1a79496f243285c3308532657839281d,3165d11174eeb056ab6e747c9d457a1ad78776803d2a56eb1e21bc13a5c5fcb9,2023-04-02,Economy,255
23408d8792fe38a1d7cd299113ff04a98e420002606b82aac89aad0ab359dba5,006c11aa19467e67373f70d12ed0f34c2dcadb47fa7a4d429c9255b76dd13b24,2023-04-02,Economy,277
1b3eb4a09aea7994d1f69abfcff908aa7b0098f47ac7dfdd95262f56c1d7f2b2,636556523e15ecec84b45d1a1078f1e7074da199b2429ee99ececffefc7233df,2023-04-02,Economy,315
95435f927493b9cd9decb94d49cc83d1adb5d61c1ae46383ea045baea5ef3034,f59357b5e8225bc97111f17a6d6112da43f3627d4009bc72354aff4695e3e63f,2023-04-02,Economy,349
cf85d8c307a5f763d7992de2acaaf3cf6e3eccc6d3b06e7dc0d95ff9004851bc,9e8252998ce1999eb40f3ba836d9fce5bebe2ce5320266a316efa678a4e2b13c,2023-04-02,Economy,439
fa46d534eae522798a66d9528ca2d3ed7af1364c1c91049d6a9b13419b02c6f9,dc25416e6564b88c3c6dc4699399ed15e8c9670b9cefe7f8fba219f2ed078a27,2023-04-02,Economy,479
26cc91bc8b4612508f7578bb97c06f8080e096b992ab5338aa4f1cb70b902fa0,9ffae8e6bacab8dc43fb45a62f3f46441c8fdb5acbbb9e21f194e44ff175d8ec,2023-04-02,Economy,599
344e16b0fba9bbe44a2f2d4d35b98fe71190a0f580b67917fd6d1fd888911fe1,a0e1a50fc6f8f412b4da52e7c0b90b71dee1ddc0601be3dc73ce5b3a9184c909,2023-04-02,Economy,649
3f5738c35483d025d4ab9fc686b54eaf13ff17928dda479d85e7d53f79e5ba1b,1c66d0eb8f589c346290529870fddeca99cc2628027db614b958835e3aacf95c,2023-04-02,Economy,665
4bb198636afbd037bd3ba087dba14e22ce5fdb65adde7a53935d955877134856,33f57fc9c27ba5f68aa26e926c8d6567cfddc3f266b2541f6ff22d270ed60509,2023-04-02,Economy,665
ea3d40e88fa6811c0723b13e6663b4d5d3a30815f7d04c10de5bf09c1575a265,c487de4fa453dc64142d8298520cad25687edd918efaead5a5a317b33d2729ab,2023-04-02,Economy,665
ae62622f5f6fae0431bff3c463508818c94f8863875aafce74533e6cbf62f071,e72d0247ba9b55ab8a2128392a88db9fcccd7a6d7b72069bebb4ec30b2e2bbd0,2023-04-02,Economy,675
5b107785dd6d6994309eba7a51f073d12f58e3ff45b6ce78854eda38e121562d,2d6af6c9805e415ccee6495fd1249605650972eda1634ab86a91f72a032ae7e3,2023-04-02,Economy,675
821d918384b47b602d72e7737f46fc541e92ff54c8aa05c2f5e82460e36a2697,f4a05e1eab84ed4f8bc247abd1e4da5ff5b03c24856d083b7fb652d1ffbc446e,2023-04-02,Economy,675
f2208b9442416b232c7ab2509e3d4de3e0901d3d8048f754d779b26709e48f79,dae50f11871a60262b589f0ef7b018eb3dbad2c6a44577f9863369fe7df6a1e1,2023-04-02,Economy,
0f6c36d43de3f0ae3af03b7ff198311b7b619ccab4d6635b101d805c13299568,eb4e3cf925ec5f25b76c6c6b87ae8b08e54c80bad6a2495fc441e6985833ecfa,2023-04-02,Economy,
dc3d642b04ab23fcc74660739edd7d56882c05d1281c96b63138c2891b5dec36,e952dac99e5fe28a630aa401ad431458698a298d50a3a4a81eee40de50f6c4a6,2023-04-02,Economy,
61079ff32727394da7e2b4d9cb029fb62a0a7a022b62394eaa6a788b382506ea,d3f4fcc1f242ec0509513efb270a00b37fc2a9eb915666f189f4ec20af68dda9,2023-04-02,Economy,
e8c691ac32a852de0b10a319c88d0d44ee00c2ce553a4e96fd45b5c838c91b21,32143bbc5f3b4d7d9ef981887ce0467859c31d7c232b55d3c3a2205d6ce948ce,2023-04-02,Economy,
6f9df46cc358c37d6a7bae056be2509f4a4e1521a491fe6a29ffd41b531822d7,1e2d2b573a525dcb5a6dbbca93cab9d8421aa0971eee9f7441e5aa7b5cb8a773,2023-04-02,Economy,
b6d2dd07a777524aecab02872d0f673e2de3a248d11c29a7546f2c21ae20c157,ea3c06ac3aec16cb7181a2053abd97479736c32d8d5ed4187ced123ca7cd0dca,2023-04-02,Economy,
0742b396f6228485c2cd034d7f1558e04f905a37cd8d571bd9bb72b24001928d,4fc0e671756a6cfbe7f6dc6a4805b8cc12fac9ad9738a91bdf965736bc5b5d96,2023-04-02,Economy,
896821ac99cee8f6b4d7479d0c0a83794b46820c8142e8c47132a303868a8695,547536d2c4e9f613e477e3401fd96ef8813ea6038a74e4492b4a698521c0a3f7,2023-04-02,Economy,
f13898d2bf2278219374496084dbf4bbbe5cd8c6fba7fc4d7b8df96d9d68a183,f60f3fa358d8758e5b36b96c30a318d2ac27ba6c209a7566d163d35bf716b57c,2023-04-02,Economy,
a0f1a038fc2c0aad8b70b99b28297fd3a884c597d03530df3ef705c558d49624,75b3d7f80e6977559426f456ff9257c71eef38d3bd90fb022a4d91c94545d2c3,2023-04-02,Economy,
4c181ce7ecb5511f67c85197ec765b1e1cf70ae74687d7047b22974d0234b8ed,3e6fe848635e3f03483b8bad11afd42fb5183db5be5916c4c0c827a8c81093b7,2023-04-02,Economy,
55306191ee33c2ea35943d2707568ccde9b95c41d4da1a0fb8749d585feb3d2c,831d0237b18cd287ddb50bfc36a9f1bbde91bbe49ca97a511cf004c528a8332c,2023-04-02,Economy,
e77a4ecc9667fcb0e80a10dfb493c5993ffdb16b48c91f22a61ea1b9d8eb4254,a64bfd7aa1d9e48bb8639a809e4260091e005f80094fcac8bdfba12772482f4b,2023-04-02,Economy,
05f55b0c3b3b569281750a0f64463c18778ba6a62fe280f7af906a9d7fc96ed0,c2e5b7d1fb96598a8479222605d1211eff2c3da09ae6ec2eefa5d53379846095,2023-04-02,Economy,
4bbd679183f7e7657fda7f88961953e4fb7261db221bd7a045f4af421b059d9b,c7cd62cb82968ae8ebc47b242733237212c10f377fb502907463304398e4a7ca,2023-04-02,Economy,
2500a4073dae5276ac114194933950b18c3b7dcbb42cf6861d748ab7b577f943,a5b3a79fbe7d4befbb1507048c30c2d57a24bc320e5d296c9e3954aa740b9b04,2023-04-02,Economy,
5ae75c8b90c166760782c50531c73bf71eb5fde1f4fddaba4f42949656b1e5d7,2ddfec281e31559fa2416b9bb4a9a6cb6a643a3840a0499c2abbbd8b6909e321,2023-04-02,Economy,
454824479348ed5450b52ab445ac29de12d2f364beaf5c84200d62ecaa97716f,7f59eee3afe09e8988049e4a39c4a8a6b5d2571852c44c14d97d8fd71f21e90e,2023-04-02,Economy,90
25c9b7ed1516778335c2888600c7d00a97fcb2be3aef1d994504a69394c4e2f8,2197341bd8e584ace03a35ca17452b1b76e5a1dfef594123fe9306f9cdb3a880,2023-04-02,Economy,175
9a3b97354cfce8cb8e59619fb0142cd671d17204a1424bfaa82f807c55e77418,21f3c50fd23b2e2b84c726bedae73bb624ad1a0d97c6c5988354e30bff39ba9e,2023-04-02,Economy,175
6b2ebd04a1ab81ff6fccc27fcc339d652c983bb999a17a61bdf1167d0073f01a,01053efdeb532ea005eab7b4c16ca386faf4ef92440c83b218bb1933b2fc6019,2023-04-02,Economy,
572f863bf82bfe8a19dd8d7148b30ad89383f30a08f03b635f43e4441d36d47b,d34223251396bcad0fb238ebad818ab0d5005d57af5ab73c224e0c471c53005e,2023-04-02,Economy,175
dd9a9572a9070381ddbd0b62b5778e896b4d6d988035b410cee1e91f67c91791,504dc2f3274d8950a000cf974227f2cb93c5f5278a1184e653ad3599cb17c1f1,2023-04-02,Economy,175
da95cd835c97a0c68da425a4b887096fad8bd3806c915cbd0143d7061718b4e0,44e4b6ddb34a0d90d3a578525c5a67fd9478b25c415351a6292ebe7593d499ce,2023-04-02,Economy,175
fbda8cc12b5a8ad460f5792433efa1baa670e40db995f802c45e972e99465e95,1fab4afd947088d1e798d60a106a70016aa582e64c6fdc7924d3fa33251b2f3e,2023-04-02,Economy,175
fcdbb22c5e121d7725658b1deb54a627310142dba4efaf94c0de630a3bb9db23,89644015b6a1574a9228daa0d456d269c3e91fc93b7e4ba2e5a0d716763abbc8,2023-04-02,Economy,175
80a06d50030b1e24bfd489d0f1e9c63ee32b614a98b701fa856694d8b2f48a37,cfcd93129107eedf98641b7cee41e31a885284a1aef7e21e746505711ac7bb72,2023-04-02,Economy,175
421182b69ccbf8a096951de5ce3bc667c2857adb687b8a1cb1704f1031fb7be3,9a708558e96962efa729d30e6c7be4a15199878788f879d83fef1f60c16c7ded,2023-04-02,Economy,175
fb75bea47b216b90a934b8b6d59a67bbdfe9d2182affa71fd969bc79dd896915,d4292b93ca743862f1243734e10e695becefe098e07291eda90e128e551550b5,2023-04-02,Economy,175
5c58550ad318e38e06675966551ecab4310c9caea0ec976644c834e53d689395,4f578f8acdece9acd796aea3d95460661394cb825c833e78b5eea04a46ae0130,2023-04-02,Economy,175
218796b361854458af476e4311baea71803d44ae7d28e498c68a160f54666772,3bde7f328a8056f0479a8654538ef1da1e23f13b88c1a3f7bc4f2976481e25d4,2023-04-02,Economy,175
dfcbb241946f2f47478b3739c55020617ac24c71a464083cd463d73614a8ddbf,a66055e7b51952ea0c0d8cdf7cddfc75bfe9302e0a6e7a486e01042f1a98f03e,2023-04-02,Economy,175
2c425b8b8b44760a9bd47664108c1ce91a2f66616b89a15a26365772c60821ac,10e4614bb587021b51b6baf0ea2559ebeca1d8c2cf6ebb7aaa5ee32a115ed24e,2023-04-02,Economy,175
2472d5ee8297b532c956b0ac6d9920e1587244aa8eaa0bc5d76d0951f3f68e4c,f26cbce5953bd56f26e2055cea5258b10a2a05ed2203b6b67bde97ad720fe967,2023-04-02,Economy,175
8368d99c7da450d91314865281728a21a7f1723c742e2d685858a75591171ba6,6ef1dd6ee220627707c4db4ca3102e5b6a0c7585a137738e655f2c51df01ae5a,2023-04-02,Economy,175
706f303ab9637e0fd6d6f0d273dc7ebf780f367af2727633b20b650efa5608ac,9d3908f1d5c9f09cac7515bc604245adbb3ef884bfb149566e955e16575ef4f3,2023-04-02,Economy,175
99b6204004bea73a9822380f84f5a7ce767969592403056890226079a5f2bb4f,47c93f1baa33ecb9d3a07ce4a0599bbcfc61fa4feb52047927f785efdcbe8b10,2023-04-02,Economy,175
0d85bd634755343fe823157d8c258a56a01158dc937018385319d94d34167aa9,7a05d44909893f33a9590fb358a39352460891c11dc2e614fe9ef14348636887,2023-04-02,Economy,175
b677848fb5904633a24ef26cc0000ca0f2f598818d5bff328670240570549391,313939cffb7b3a1d3d3c82238826aeae98c340068b24d327c51cc6069013da3c,2023-04-02,Economy,175
e942d7be9667b7920555c0d3bc92f8a38fb267ec4dd08e74cf576eda930b09dd,281f5213b8f44c6c4c54eb3b83b33525388970122e140d9cb9f61f20b2608884,2023-04-02,Economy,175
c8919d8e33aa861efef425e930f57f3f77f7a30ce064caef8db7a51059c61892,1da84d81dc18a516ffb95347dd4797d62d591fa8ee6cf2d095d44ed8f9c6d9cc,2023-04-02,Economy,175
c2a5cf3d5825972a6c6b51da10fc8a68095e0b89e19e3dd1ed3646448dead5dd,038494f53f7eb8b466795aa56be015085dbe1309e421d268f1f45532a3952e76,2023-04-02,Economy,175
46a302f77b5c21508d1ae853d7c4895b3f867d3bfe424547ca23c688944521b1,d490539c8dca41fb2aee20014707539cd51fd1714b87f20775aff7d8aaa0940d,2023-04-02,Economy,175
b5670f9d3fc7b43116a1c2f7ea8edb14e69ad216f57cc887c7e4155a13da9fdc,200293c52e13fa951be87f416c4459ec7bd829f02f32b9590833ebe44ab63af7,2023-04-02,Economy,175
bb1389ec79f86f96bc2db1daf2befb158ada164c4b24d1ac43dbec22d0ce0c97,de93efe2c0376fa5398464d57fab072a100f2baa7a151b0e4cc92aead0161000,2023-04-02,Economy,175
3181eda17ddfc32fcacd8283093fd183ab653a5504a80d5140bd0c6539b661db,aa2d197626104c132ba74925c28adb67ffa109bb304df923c25efa2e39571ce6,2023-04-02,Economy,175
7cb029d1dcb1f66cd1d62c64408826e8730f524a989446d72c682ce1da5cc478,1694c47de7eaf370fb5fa56d5f882c3b9a4c5e546aeb6474291f957a54ca1ea0,2023-04-02,Economy,175
76b1fbca0013c4135aaf91f57ea623234998a805346f1cb84ce5de03ddad7cf6,ce911cb6399f54bd6872e00939b94cb2ec750b173a037bdf1d031a1e8429c3ce,2023-04-02,Economy,197
5975d576181cbaf5f47bcce0a291e061bdb8b21517c0ab6688225422a45bd43c,9ce432f42ce309b1b6eeef8758004cc00a15aa5dd7f86d9f1d1648893c7f0834,2023-04-02,Economy,197
712c7f78986834ec7559831ac45c124f567463bb20c70bbe013583d87390980c,5fda725fa7fc2974c2aec386fb837ddd1e844c360a1bff7d6f1ffab8a184bf14,2023-04-02,Economy,219
276fd269ace05a164917f9193f0027c76475cabd5eaaf4bc0f35cf721a0ebeff,b902b4acd3e39b77bb4e8024b834ef0f67dfa9b71623df9038688d302312d7ef,2023-04-02,Economy,259
f33365251ba2a21fcdbd6782288bda4b47c698f56d50de120255cf26aae98284,de65d6094c7a5ea50401e4334510a8a7f2db881c7f65a48ccf918afe97019d65,2023-04-02,Economy,259
8e32c554f2f17e3dc978d8854170fadecc42595f0208d5a3a3b431eafdf45fbf,2986245dfa0ac1b956b5d52cf8a4fa6967efcdf0e5bdc34c8c855c767ea854b5,2023-04-02,Economy,319
990150f829726d778ae68c3821b9c99522526798e14260b20d4727532e8e2bd2,e5fb12d628f7c7ec52337b113ff4af5fd18001eea6b97914150416c6a1b892ef,2023-04-02,Economy,349
69499a290a12ce342f4833aed83e9cbf6ad4b60090111bebbf2353bbb3d0bbc7,f2833a966cecfa5d30794b5d502493a16581d35a6da177c338260605ac13f543,2023-04-02,Economy,349
95276db0de2d462fea4e7a6f391cd9b44326a9cb3730fb70637ed269ca903b25,536affef719e65576ffc4584fd71d2e81ba3fa20253b44386f9b8e984d796a2a,2023-04-02,Economy,349
69c838b62ec7a16c2d3a649107da6a7fb812050eeeed78e6c36f159f47620d96,3b472d50d9a2b03e41d9ffabe784acd7193da8c6d3842083b8d1074b4c2c0195,2023-04-02,Economy,349
aab6280afa67f71cba09173f7b4ac236097df636860002fbeef16ded2978dd1a,a4a4af25187f6410a09e8e110c5a3b1966b6643031a485354b65f346790667e0,2023-04-02,Economy,599
f9324c76489e0e6a1afb5d984c86c8256506886ea60802f8ae114d1a2ded81cb,4642fb571c9d0f070e6b9ee830079906ee1db598baf01625bddd841693a7e38a,2023-04-02,Economy,
abb00c886158c9aff6504113e10871e001284000f78eb963b4c06baa6abc2657,74dc2ae1c12ee822fdd7882f6b169187969a99833d425804e4447a1c3afb2d98,2023-04-02,Economy,
84e33415452417250132d1a2095531e243374535e668d7470b13f1c5a67fe7eb,d630ae1efbfdced0549c0bd4bce903e07c916cd7263cad99ad2f380bcc03f51e,2023-04-02,Economy,
ecd697b79b8a877f14567bb5350e5cc288496d6f3a805c587ce5cc3ee29eaeb7,7c3d8e1593698ec7f1e749bc597e50972ccb7c3fa2cba7233808c87ec18c5ad9,2023-04-02,Economy,
d49d247f166be27da50d2287c7add59ce1d4e63ea18dd94e94bae1a0fda7a4fc,df453879183adf00860fe7db81d1cf9ab6339f56caf7a52e3e1da71a7ae8f814,2023-04-02,Economy,
6725604ad2c891ddcfe8b4790ad670d8d744b2d650d336eeb607f5e9e2c7bc87,f150198adae594429f6ce1e27fa933a5eb49de21b9eba52a048ca882781ec181,2023-04-02,Economy,
fa59fe655fa47feb60ccadb94225029458547aab309e1d7520b4bca7812f3a5e,49a5e4ece55525dff054c3793926c6f14e724cfb9675136f89e70e44634db553,2023-04-02,Economy,
0c121450749e0af2d7a2fcf7911bb8e581f5b570ba3addb9075577f66f546dbd,739e7f5169723fabc961a5825c6e77bab7fb9c9bd48e611f878783fd290621db,2023-04-02,Economy,
d6b5f30c72f9d2787ae8c18b13a75d2fe59a9cbd5aed53eb7a3dd34ca6924c39,5362b8f68f5d7f12a69908cb403e69fc8a5de8349e6e1e0833bd3b924667469e,2023-04-02,Economy,
9811e624582da402fb3b4a893cc411c6525a824365986718bdb6ad743faf37f2,4e1df5386be14b0e962fd12659355f65966f6f1860c06e4f37c2535cb1d79f28,2023-04-02,Economy,
8e28b73713d37ec6cc0b9d55d2699f7e02de3dbc5cdad47531dc89a961e5b437,721e1038b645493f65a0fb3bd157546d48ee11b9cc8ccc9c903462e744d66480,2023-04-02,Economy,
8743ec61063f0fb13b82fc81a33b0576e125216ad372ee4a62768484508fd8c9,e5e6cad196883ee76559930bb38569ce69f4f5652fdb3187b4ee0cce8924a500,2023-04-02,Economy,
07ac3b9ba8b265ef4a37da1e8c216552747287e92733eafa97a974e2ea04583b,56a03d9fc214c82eda3485d85b615adc535f9c3194183e2562c10d84fa07c8c8,2023-04-02,Economy,
2510af4aecc07c123490651061464f2239d8449dd2c918308445a1f7b590591c,be5a8deb9058a6b8e2f94ed0026d59ebdec311527ef7e6e940d3cb95b8159709,2023-04-02,Economy,
82fda0af2900eac5e4617ac1e252cf8e359da3103f5410c92428f80d9361d865,96eeb14d0e6785353de879c18ae34887b02fcf5fd64a452d3dd7eb9fbe37d72c,2023-04-02,Economy,
a396a35fe47b1f47050b440395655d6bda97bec7f364e525d25c932875cfee7e,f1ce5345fc503c9af4c688b7fc8704fbae206679042140461fcb155e6245a2f5,2023-04-02,Economy,
40690e6e9e5ebbbfb18476e50188e2fe8b4e5aa63db89bc10362b6b99280a5a8,9d2e222f575bf3e0108f2978c0744bc9d7ee2c52ff5349247bef9d87b50074b1,2023-04-02,Economy,
4bd9bfff3b7aa48d7b014adb2e855a9586bb39a0c319668d457c3aadcb404f63,b1dbb98efef68c9eff2cd60e4f015c61591d9b01c0baaab0d5680b7ed12d40fc,2023-04-02,Economy,
a109ee3ff1f4df2dc04d635e2935f3187873a5f5f33f06d64cb4860c69ec2e21,9761dbb0aca08cb76280c53636641d0755d2101d912239409f305eb0862c2fb8,2023-04-02,Economy,434
c4254b7abe0d494916a558b99a92cb6cc79ecdba0ee1f6afb0eeb01a818e541f,cdf7628b8e3c61fa8e04675d894c17da0db7af5de77b6d51f92d3d50e75cc250,2023-04-02,Economy,434
159e24f30a1a636c30e8d46f27ef5ca2d51d025f560a4a4774b0b4d50a148e84,d4e39107ec72f81a2a2bfc561709bf4f8adaf4417aca9c0f5eaf2498f092b9f1,2023-04-02,Economy,519
29ffe5623eb8e162533ae0c5cdf08d4af8813b9781cc6b47b18abf82d739232a,21e2f40b566f52aa86d286373aec48355f183906407a9a69bf336d1dbc1bb977,2023-04-02,Economy,
e8da45a13cec7e9d330f8410398ef682dd581f3aba22bf74e4481e79012699c3,40f87fca2d922cc56c9bba786666e9c22741bb533eac235bfa86b6bfffb87451,2023-04-02,Economy,434
09064dd1840df0b7ff20d1efe7da927deb5d8b6edc38db48f1f755e51e398586,c564ae75161e9b896368204346ee8c81c5c26467e9352efdd6c80dfc45dd4189,2023-04-02,Economy,434
b027a494f549fcd0af2733c9043a9772941bc2bddd11198098230ba526900b15,240f738f9c9c4fa088ba18b1751187317bbd74dc0cc9d951d57b8680173dce64,2023-04-02,Economy,434
fe5ba5bd9294b8136c30a13e965c3f83b6220e3a90fe309fc6bb08a2d9fd09b2,5ebdfa97f191e16f414605ddb9af099ff922bb8749a91c3edf215983633bf918,2023-04-02,Economy,549
6c0ffdc3b2f265543f17d596350d30d98039b73c0c3a0ef09b574383db0b9438,fe91162c4616d6b43750492e3ab61835c3f192aa0f9ee1e18af79995c2d846f3,2023-04-02,Economy,549
96cb2ca958a642434a09766fbb34ea34f9bac807c47d8cb49adacdee16b13bc0,ffea53320cdfe7bde2cb3b537bac17cf4e1f845330f2bf54613827455c5d81f4,2023-04-02,Economy,549
4a9cf9b8e27bdd292c0710548c413f27fe9194487935e20b9bf6b6a66642eeb4,ebb214eac7ebff9da0bb8026ef478b4e89a3862e91374768474c0c12dfe14656,2023-04-02,Economy,549
1d07478345a2fa31253f1d6e3ccd168ea8910729e72ed342a37cdaaae08a6784,d8fc728e91c0795b3ca6006ff2cce3d5a81402e9da6990aa4b9ca3aa1ce04462,2023-04-02,Economy,689
ade9f730b5e480372c9b939c496c25fd669610c9de159717f0bee2a67270e891,65aded50dcdcb3a1ec6ad23a46d6581f91f38992efdfef0f05ff30fa9811acd6,2023-04-02,Economy,689
f833010e3632e782339de37114ef0165f8a5687d3253c870c8030c7dae820db7,0f416b6d8fb6cedfd6cd4f3022c181a5ed74d065ad9d70848d92dd2d89cef44c,2023-04-02,Economy,1499
bbf18e4e6fe74cdfb244bf55df6f088843665745639b9d0260857df487d0217f,c91034869633659d36687cf6fea2fca3cfb9e57bd2bbb3cf02714035a3c8b27a,2023-04-02,Economy,
30911eedbd47b0cd2fd998116a840cf0b6f0765cdfed91534acd9dad839e0b83,e7bb879af1468cf490161a89d2c555568062fa7b0d2e3d9bee99534bd42dd9f2,2023-04-02,Economy,
c96548896a826a7f7349cc796c6a0e269e953c99b71020ab0494ea255bbd37e9,51b9fafbbf85d61344511e71a32267a5d765cb3a58918bd644a9b603e2345069,2023-04-02,Economy,434
7f96ead99c130863e89992b606884128de4eb9127ec4f4830b293244318f9247,528ad91b54d2f8800c52dcf21946f7c6dc125cff9578b1b697c684a5879fe3d6,2023-04-02,Economy,434
db8fa6f3879a21af92a84710d117749ff4563e92bf456e90b4da392b487d51ca,228f20d479ab2389f90a87d095486b7fcf68772d4d81b319a477dd80ede2d8bd,2023-04-02,Economy,434
1141d1436e05281eff8ab53b9d757a4be67f9eb7a65f65f16f640c503a49c3e1,3b8bdcd763eb12ba97785ce5b00da4afb40a282511afd391a48647dec39b0a92,2023-04-02,Economy,434
d0c710cee4a832ec06e1a70fd5f17b4c372ab987ab879aa77d4d34c5bd6593dd,537533890ca1822479f9417db0baf00c4a4e059e47b7b5a34f9c91aaf35a779d,2023-04-02,Economy,434
877243b0739722b2afca509250c448c811997db4421830c5c1d201527ea9bb74,c73099a525afcdb43d3710b7c5e11dee14db39ea8317a77faa5164ec43a9f585,2023-04-02,Economy,
d042587a0f8fe3d12aaefed29ab2d5e900e4e7d0e35fe085f932749fe81522d0,29ce6cede01ce8c45f444f47670ef0a448fcb2fa3e37d92354d7681bca94c944,2023-04-02,Economy,434
31e18342d6f38d91408610609ed382ed01802c9ab50cd278b002d530f0f97b91,597ad4f90c28160ad9cfe6ce9e6f9546c6da640fe7d0c371a15e88a3fb466e86,2023-04-02,Economy,434
b547170b7ac47723b715a9eac0e03a77165d22db6813ea96da31b9647d1233c6,b05fa42d8673f503649b2a7f726f863a02abefecef10d5941691198944316fac,2023-04-02,Economy,434
95d640ff8b945ffe7edcbb0d129d398da7c0508405d9f5db87121dcd62976fa4,273f0df6fc426010c6e9ed349fec6dec941135fea5e1fdb576794ae4aa5422a5,2023-04-02,Economy,434
84f64022702c72b412b6826c8cffeb1f1cb5ba86f1f51b80a451469b6cfee2e2,fc9f42e67096154cb0d5e1af2e7a3e30a346e7bd7283ad3e4faad3d6b96a6f44,2023-04-02,Economy,434
2371d71fa4398af101f87319a48146b96d36eed89c2dc52ea16127adb0ad7eb2,1e5d58d3c1083c11e988a00ddaca0996343250a44fdae26f48d4f8e6f3eff1b2,2023-04-02,Economy,434
2fd72bcc42108a4915d3afabe3977a7cdc8f1b41d82b62bc8db2c6a5cf3362a8,c5777a412479506a8545dfc78f60ad9bd5cb1db9fe93e447c3136abf06b34955,2023-04-02,Economy,434
b7767da43feec975dcc43c621d2b6efde6afea7c1234f96dcab7b33f97af5478,d6086d6905386bf3eb40936657acf4cb98c539577e003a7371414547f099e07b,2023-04-02,Economy,434
9a4216284551004a2dc6f0c173924f773576c3c18b858982e97740f98777eb8d,231ff7ba1a3dca6ab3fc51069d05b5673590459825a38ae785570399f2c9f254,2023-04-02,Economy,
af1c5555565ec43f57496dca48022ceae4721f1ca65db3839d406b77f22f563e,c1d7e4c6449722cb8f197a1c2d14c507fdb4c2150a2583b86a9150422132aa4b,2023-04-02,Economy,
6542f8db947bf6ec59c0bf78cb69507e8eeb134d8d05ab041ec9c91815a20234,5f0f30b3f0433582e64b7456d45837c6101bacee0d24b505071310993ddf4c31,2023-04-02,Economy,175
e2d8532d642d12cd71735be54502e07c8b6609c6ace1f75b31d90f076be08ff3,3490a0dae810299d626110213e575d330bee9724fe426681e2656aae8546a7fc,2023-04-02,Economy,175
b3168bf92ddd26b1f3322dfaad69be915b5a9af19a5155f61027fb69cc64e038,6e7804f1da25d1a331f276ea1738b2bfeb4ec9bba06f53d50367d27646b6df74,2023-04-02,Economy,175
a646f8a2ac9b4ed5fed57e02a587971c8d85b045999cf855e2b975fc4ea073de,8f79845982ffdb04a7e240a7b5d392c55685c24b2d7665d4ab11f43bdd07dc25,2023-04-02,Economy,
5a7806bf722d3d84b2eb86617e470a712114596774a8efc9c251eb20783f5aa2,db38bb03eea40cfe488cb4f297386caea09bf189121573d635320209ce2385d3,2023-04-02,Economy,120
b2534986c21f7eba2caa0f4d96fdf84dffd1c31c2642d78c352fddf9c4bff201,76c6fcc895342699666c69514a08bff0b787f686e759c6386b8a1d3805f7012f,2023-04-02,Economy,175
e878c880bed93b8351375fb1216a8b30bb64882e287e7a596a04495d37eb7d03,1f62bd6e9226ca8488fd9484b31199674958115146caef3d3e93797bbca5f42d,2023-04-02,Economy,175
72891cf4080c2f3570f26e5262a646e35a111e4f2e2c6606a17f78a0d60428fe,12ee689b5c6a2ef0b5695182ed1fdb98b49ff7c79fb5ae268ac1f3771ba1307d,2023-04-02,Economy,175
f7c9ab1580b9936e3ed6e6d1b2ab493f1f00178fb9a16f102a2023158ec9dbc0,c7c454caa0d53e57f464e166bd2c97aa96796077cbd13589063c19cd208bdf5f,2023-04-02,Economy,175
e4b115f52f318496b44c49d617794277a3abd3fb40bf661c2f5b61ca192a3f84,916db1192dcfc29727b5106486ef942d0d5dcb2e884fb50c2243e484588b2bfd,2023-04-02,Economy,175
32855e36821cefa1a61066d153ca12b009de41828ff96c5ff01d3f4e9c09f601,f9be221a51fb68b941783c86e4f72a8dd46dace59d2d248162d53d8cab56432c,2023-04-02,Economy,175
3a44df1b4f9e04f9d5e2e2d9d577f0984a6beb868679d177643a05b80562eefd,90e5dc65fb837bb53f1dd5cc269992270c7af678a9a1de445c27fb36ff445bc9,2023-04-02,Economy,175
57982bd14a8128f0c50f876e91c9063bc5b895eebe163bbc5ea2856bfb0ab35d,7bcaa7ad0dc287591d7b84f7c806855efb9ce80140ccfbcb5e63d11a7b78becd,2023-04-02,Economy,175
39c36855cbc97ad40b2fd011e65b32c942c972bfc962836417860067241f2276,7e57727b9f5faf23880b99a3e175341a11cac5a6eb84b8ff613282a6da9c3e1b,2023-04-02,Economy,175
bf06f31a5d6df00d9fbdde5fabdb644934bdb553d3e016d693582b43debbe701,f8bfbdb11400f82d2be157d6f064628ce9605303f3cb4e00771a9e6b138e8141,2023-04-02,Economy,175
967d37ee4519e7917bfbc9ae19bda985fd90719cbc9a261be8239faee20f458f,213776660ae169453498c8a987277c3982292fa711bd32b2a9ea9deb0a44c769,2023-04-02,Economy,175
5cfe156ef5654d81d8693844ace571caf3ed0cd3d9c74daa0b2cbb5740b03b90,d5d1ad2717c6501c1c9b83ad80c3d13220afb811c7c62731e28c63ca5c6ece5a,2023-04-02,Economy,175
f6731f348a3afa704441aa959e0edbe1123d87d5972b893862450bd2497c52e3,f4e48070d660c470729d441ff0ec771501e0d71dfcebacc33f4662fbdc59d224,2023-04-02,Economy,175
57848f84cf1da9f68e125faa0819902fcb3bd1ca82afa1269f899324839fe795,614b8243b63184ad8ee600dad777e4056c211043c303d651e3701ce64ad33117,2023-04-02,Economy,175
272f81d6abac1d7a4df3e3c9d80766c68acf444b7cc39be6af8f5590a4dd456a,c800877e2b245034e8b98f8065d55c914e919997802d96f4d48d52fa90031460,2023-04-02,Economy,175
7528dc9a5bb03259cbbe09c7b32ba86a7a4b74b35dc7689015832eebbbb8d61e,b44cdcff74d5c9ddecd36b3d0f43b7b6cef367a324db78f0ee713edd00565380,2023-04-02,Economy,175
d1e14ec3737eaf67dbd74c530cc255764f0675f9745081c6da2d7f58823f00d4,68c3ab10745734e92defa880176b4fcaead220eb72a532df747c1481949920a2,2023-04-02,Economy,175
0191a5f911ea4693af9bb9f8e95b664865519dded62b5b66dacbd88dd62117fd,9ecc15021ce85ab7421866acd53f6d2907a561759d63314099188a4ec5527365,2023-04-02,Economy,175
0ae15b060e353a22988b926105aa7ad7de9a82f6aae91cfae3f7c43ce14bc3a0,15a20f21ec17d199cb82bd8387e7794c587dfbee655aabbeb232651e0f9630f0,2023-04-02,Economy,175
ac696bf34fca2a3f63b280ed7ab57087fc76a8dacc886fa6a42842f3e2525c06,5ac340fad59bfceb536956e410603c73bd746bb7b8c28ed42e69435f960d8c16,2023-04-02,Economy,175
00d9b87a4a9e211bc510fce572bf23e6f2a2fdedea6a9f1b63b942889d6a8485,03b123238bc8f79e8a92d06667d2e0b3f222d113dc58f2353f9296ad3908428f,2023-04-02,Economy,175
96c0c0f29e0d6ac57dd68f5f2fadf562757cd69fc8911c4c20600406380b33e7,506f839e5402c203fd9d4861472bd99790d4472cea41015569cbcb4263ee73d4,2023-04-02,Economy,175
d05e54c832e311d5a809707f1139d476bcb5ad6875e2075f1a0baec7f6137a66,55a7e143cacaabd4010a42fbd91bf5208668afe3bfb093c7b293ef376dbe17ae,2023-04-02,Economy,175
86d2acd284fe32f2d9700d5ac6f98cf2f189e1c31477fad10c0a7ce0e6eed87f,96967d53337b8ba2776b9fab5dc115622770e3c445dc0965c8f00a7d8c7349f0,2023-04-02,Economy,175
6eb15444a1e701163c835e72f2dd1ae6b105f2566aaf7d27002cf245081a95e8,189b4357c0c0b2491069b00da66e1c6aa37f5ffdfc117591462eeb379535fe89,2023-04-02,Economy,189
bbd68455b0da44692a30fc4073d14954150ae07c00389723d1f3499d102d9989,c364b3dda48575daaceaf17588dfed9ffc04e8ad252272344440ff1a3df04449,2023-04-02,Economy,219
d81bed1d32f57882e9ce0b86e4a160d6ecbeeb611de3bf5eafa31b3653ac1b9e,6427b9a311ae2074be25e2d8694e605f8f0f4210dddeddceea79bf3ab77a6bf3,2023-04-02,Economy,225
0a16350c007e2eac87a6aadda90d6c3aa5b64ff81f6fb9038a281047b94d3a8a,f7cf4b229422a809411460aa95a4e5a0ad61a23e91595d25c7f25ca3c296061a,2023-04-02,Economy,255
6ad6320a00b90cb7a35eba680a582c1818f157a534b6154d5786fa4a770a6b96,36b3cf2f16e2658550fbd573a61a440f0b5da821aa7e2811e080939c3aee0fad,2023-04-02,Economy,259
c4d31e8cab16708ff8d8928fc013a8d50bd74aeed71139c8b1becfe051000e05,72c92dfed54996c9d669b85d68a08a6e16e53443de2e9175d47d9d4dfeafadf9,2023-04-02,Economy,259
5cb4dfd0bcb20edc5610eaeca05516e06902e7b2bca0291387dc5d1f8fe41de8,24905a39d19323eb74c385d661b21c526c94924dee81cb35d658b1d122fd1799,2023-04-02,Economy,309
b84b4130c91d21f3a43f9f7704fc08c1bae76afc156c0bad2b9754ea9f696bda,9843a1296d7347af7829006a5fcb97b7e7341055dbac66222b8d1973de9705b3,2023-04-02,Economy,479
2f3e3ad42e9581e1f050f4f524319b29ca1cb87570e69825745976b8b1f9ef94,b23c72d7fdf8c4001170ca971c007b11731c48ca0d6e78bf04ddbb2008abe26a,2023-04-02,Economy,489
7fd8d7d16a6fe17cd28c4684ba03f06cbb1fc63a5e2c3d604e053f583036640f,a08045b278bc81bf8ebad03b598e4496445a4f0929bc4f60cb44f690f74da401,2023-04-02,Economy,665
3f4a7860d9bc46e2505fffc048acfed8b88c56a3339cdff31e57021e72e4dd23,6db45eb7b159f94f6fd203cef7fe062278fc37edf3c07b8b79161967272f9ce1,2023-04-02,Economy,675
27cf6f771fb29d829dd6637e49796b3bd20cd39c1ec099ec73f451b19774125a,2230126de92e30e1e3a2843c82d5c47eb9d746eff84500e2589be2653f8053ef,2023-04-02,Economy,675
75cec894dd218723d2bb00d6913e002bf6b4d1462fec42fc690106467e78ba8d,791078a2bca2847540e324a160164dd475faaf6dddbacb2398c4f8bcc4b203e8,2023-04-02,Economy,675
da5a7c4d148d01e0c296d46b8ba52d7291b28d7b6bfe0ba8fec873ceded4fb38,5eadea70906a1dd3557bbbec5c96728b4db9b44adc212356628992b156c7f931,2023-04-02,Economy,
3fce87502881eae47fa1cfc999c9561512057f85b871cc53480587499ed69df4,93a453ac05d454059ea4f33a1368f1f6206e7977d3c56739e5c56641a533c7a9,2023-04-02,Economy,
178158e03433e95912840080423ecac358ed341a355e1badf0dde911ab84dad3,a312c9f48698ef82c92e48fc0d91690e94883f5a0333b2e9e7e67bd4514cad4b,2023-04-02,Economy,
7818510b9b288ba36c18e065495329768a4c1d663fecf7771407b97298aa85b9,c4bdf5ae698920e1d6ad1a90a37d9a900341db6dd358ed115cbc0a29907010e3,2023-04-02,Economy,
d8d26e8147d3f314f2f11aa0e0923558d9ef3fcf0c0ae7f08240ec08cfacfe36,81a38d51ada4d75ea32c7340d7b74ad797c765dc59dc3fd9a292b02cb761b700,2023-04-02,Economy,
a26857d0e253c768184bf5d8054916d29e8197e5ac680649594eab76a374c490,7c467fb18b0fc8b66f7d0787272bd42a4ce453508fb010fd3c9d2f52806b85b2,2023-04-02,Economy,
611c43182470d57542d4495c3640e60312bcbe94e3980cd241e2c7426a22b74a,bef06c939a5d8b72ccb71909a324510ddf43f241b80e8dacb98605fe6044e8d8,2023-04-02,Economy,
fc46e54d379b7bd09ffd4f003ef1ba10e3fd24559d3e5b6cf67e80557833bf17,66e61d31f54716ef3d39bd80f3c01a4e062e285e40c171b8a16b692226522b02,2023-04-02,Economy,
4aa2d17beb8f3b375d53a4f9da4eed031ce66ab3a6be567a64262a617e888798,34e064fe485e09d46cfd19bd30d17ed8172f99f17580f5131076825f908a7fcb,2023-04-02,Economy,
f4395d9c2e2d4f2eabab975d952a8c67c789ccae70d810ad634d25583341c9c5,d454e60afa4f2334e38e6afd4a013ca9a054cc1d7149cdf13f2115c7cbc7e37f,2023-04-02,Economy,
62ebe58b32bdeb073f704b8d8beaa32568a85027e5010549a0329eb326c9bdd3,987c8c9c28d26a6940424cf270fcc215879c6726138b93319e5f88a62f99c6de,2023-04-02,Economy,
9f5c5854091cd2236a3f440aa1a74e81cce54c258fd0ec68d9d49e189eb6ffd7,77cb37517c018bd5d75cd4730390761e76d52b9bda5a8e797ea7b2c75a5dc639,2023-04-02,Economy,
df1b33f66d465a34a6d634054ba1ae57b57cf23c1ab51ff01c9d2cd4a1d752b6,784940d691b4751c8d540d1fe717f105a9c383e03494d20360139ef947936367,2023-04-02,Economy,
85f79b2dcf4b036f523cde9deb12628046e076fca8e228f7a6d75a4ba0e9f032,3129b8284ab19cf33d9e62dba3d7de2ff00b54dabfe2aef1ac77928cbdadba2e,2023-04-02,Economy,
84360697c2d61d6ccf297fb742a010b5c4ebdece536e83d36c57b24fc355776e,1eedbef84768f4f5149cb9a27c0e449ca065472e083c054ee556e3bb21eab898,2023-04-02,Economy,
3090a59a25ee5af42742ad6904532ca11886941fee77d3db724d3c5b193ca8f8,197d53037a38ef6f9f322d26b4804e2f04c8e6110292d9756c4b63318a938f2c,2023-04-02,Economy,
4fe62ebc3f6b8c9216453533383f48af2376fe75c60baff5f836f8f1fff1953a,b8fc581edd1e115f4f30dbbf30b69222cdc357f2161bad61e4e7f47a3c200ddb,2023-04-02,Economy,
02211176b2dec0a0ac36aec81247bd2a75c93f91ac9eed781ac4f76cb61d1362,8f02737e76b51ebb86f55dbf42c3e2c30961ebb4a9cf4236f47481ed5d515163,2023-04-02,Economy,
f764643585384c8d5bcb22d6ea72fbaeab035e8aae1538c8e2512b2b5120f5f8,653e4966f72fb8ddd9b42da45d5a2834fe86fa8dfdc848c386a33c98e24b2d6e,2023-04-02,Economy,
7e28370e4c4f4da73438e55fde92745f779b41248da05342d3544117461e52f8,7b1a03e3dc9edc392774a48f0da041ce116d4713d774dc84daaaa8abfbdba637,2023-04-02,Economy,89
6bf164dce9842b082910309ad4e0f778b73b9833ccbcc2f864e334f1d793e5c6,5bd54f2e0e8ced28f4854779f28600440800dde71af88d5c751963c52065ee93,2023-04-02,Economy,175
e852caf01c185a5be089831c314e11a454584a0fb8201e4c2b2451ff1a46459b,bbdfcaabf640022a68da69aa8d965d1b9260858d7eb0d3042b63c6ab0f949f97,2023-04-02,Economy,175
c46329f1dd02d5734e4f9dde550b9fb14b602605a765f9345077dbe4bba61c08,92dcf997920047607ff29954c7b17681c89ab5d6ad29a184e87fd55985aaf5c9,2023-04-02,Economy,175
ef0a64e1e041c3662a67eefd57df1ddcc1a8a5feb272d05b24ad431a8fdfd6a1,d7a31f3d77763aebfb398f5861d100958b2ba8ead6ffe892d34e677a87e8797d,2023-04-02,Economy,
d8afafa27d581bc6201fdfe29d673c7fb5f0a255771d7829e203998c15433a08,fc69dc14c9d6dee365d8b12c9f88c0b74c876b75cec0a2f3457cbfd662aeb8d6,2023-04-02,Economy,175
3b2f2e8ccde7b1a21a2bfb6d307980aa0616a891a8173071fa0b0c75493470e6,1c7172efbb681db5021ecdf5165308ca3b7559545aabc9ad206c0870b24dd846,2023-04-02,Economy,175
25e9cb4acb6f36e4949c48bd3516e9b93320a2054c63dd004bc888e3427401e8,5c27369f289fab80e183a18f0cd3842194f010e51b5ac7660241967addb1dccb,2023-04-02,Economy,175
9e10f3176e0030fa8a4be9ed040f2889c38fbebfdc11a31a73957578991c6f0d,5998aa5ec14434fd70117f2c731d4392c7292ea2a61acdeb9925df03f70d4910,2023-04-02,Economy,175
9d24b6738fa10eb589195b56eac4b2012b41183fc03b7825db83b0f231051dbe,495f77dc573a872fc6e11154605467fc4b1f0c1b1ba42c6922fb431adc02847a,2023-04-02,Economy,175
78f3ce7f55b0abfb119e817ea6ab6647a7fff51d0187e9b629a8a1ba1501c68e,ed514bc47b085c535a88d2ca745cad5ce3e823fe9da536d8b531627b119524ee,2023-04-02,Economy,175
fd18430c62ca82b4de7fa003fbd2546b1c7b64f792f9889e3fa2e6f700aaf1d5,076f098d7c800fc381308f85a523c8e51aee30a1a6a963666ddbde575d7cc178,2023-04-02,Economy,175
4f398e01ea6a0f9edf542fc78209adf694942b15cc5ca1e0f874348a7dfe490d,8e882ab30e024e283523b42e358230ccf0827b9965955f44a3795de2338ec3e4,2023-04-02,Economy,175
a4aa9da7ea035cbdd99fe822024726cebcc2bb1a28d3c20220286aa633904818,2b9ab500ce76027a4b096a759d9a39be42d17d36ce4ab2b88b90eb40f23a3ea7,2023-04-02,Economy,175
31138d2d4097c2eb932a56a8d4d6805cbf6800cbc389067ca8556018b16dd51d,45eb8b60b7aee8394df17203090ee967a418cc0105a26bed41969a85e667cc87,2023-04-02,Economy,175
16da7e6c60f41d792e7e164304d88352f2ed1f0ebbdb3274739eb171c88950b6,84b8b96de34965f72125a74012ce03360ad1e651243992886cf7f21688e85b23,2023-04-02,Economy,175
f697b5ecf191a8dde37b6997463205100cb13a3d6eef232b0f13f49e41f1cb48,0c1cb76a766c3b2fcbe93eb4e38fef7b0f6d903e7576b69d62146e4fdb83b20f,2023-04-02,Economy,175
97aa1174288309b8190a4eaf76e2e558a1ef130eee56253f14c2dd229ba5c782,ba164cb5cac7791ae4fa2cb6a4ff7d793438223c65c5b2d0d414d0f48cdd248c,2023-04-02,Economy,175
7a5b34a4003f4d14ebde3ec997bdfb59eb25275e224aa0b49e01f8c8db225638,c9a88413788c3229988a451242c054a947731cbe28a12382ed009fe761aa8a23,2023-04-02,Economy,175
5bd33616eee512d796136375e6e81fd089db427c700bc0a9951f0ceaf014754d,6d938fb3770469065f01f1f84fb3a941900657e0f0beaea165adf846e11241bb,2023-04-02,Economy,175
e91c12905fac47be34f295f16c54148a1aad49c436e075d723be4c8bf14df5c2,687d6430dc5225d853a5c90640c7247c9710247eea9655d0f6b0ef9433977ed8,2023-04-02,Economy,175
6d5eb2192abd05f51b187858a3415340fac4cb1aab8abaedceb7889bae722807,c2c56017942dfed822f4aa673b751e83dc41d8f3b0f86469fae79371065a9d3c,2023-04-02,Economy,175
9b9dfdeb27a0c246b9e16ee22a41b945468f716da0a53111a8a4dad90b966499,52131055cd74d445552f67e28e99e96a14fe3b60f4e33827844021efac7574b5,2023-04-02,Economy,175
5febd7397cccf8e39da13dda409c8f9934908a8c9c122b8be7a442abca7fa0d5,67966cb5bc98da74c6493aff4368baba72b0398b22864259ba837db5f981032f,2023-04-02,Economy,175
c786bc584d74ef05baa08f0b0853d12af61d5684b3f23d76f796bebcea3cfab9,1d46791a39c16d82c40545fffdbdfe057bc6690d8c8a38bd371b4f12bfeb328d,2023-04-02,Economy,175
61830f3cf1267d05a92cce653f700850bde0e56023c737d4b0cc6d9720c8a925,d539f8a82aa86df83ce19a68372651f94e53aaa51af48d825ad6ecfe84be25b5,2023-04-02,Economy,175
541c3da581a9cc80b00ca231b9e8965e1a74bee8314bc5588272a1b11f1bed0e,f386ae571e56b82990b11e27e15c2c82294129fa52bfe3ea832e72b1bb4ed56f,2023-04-02,Economy,175
dcd73e062c623249d765caaa903b173226b88ebe6c87a9cbdaeae0c5046365d5,23110d2c799226d7b1cbc0fceae8f426fb92580b38393efe4fce9182511a9019,2023-04-02,Economy,175
5e752a1944937e8018ad2a7eaaa6bdd9f86370bc08e314972268ec3760688213,d56240d433431421ee040248277a99778acd76034279f3376770e5605732fe77,2023-04-02,Economy,175
dee05e5a7e1a92e5322ebd0ad2858bfb682260da6bc27af97f564ee3a72f0f59,d2cce085bd850f18c8e0c81c4b240ff51f009b4e9c36a3888618b3c57ac77343,2023-04-02,Economy,175
1f719f39a4a14bd472105a2d19a9e51b0c8c69f5456d59dae04efdc635ffe6f3,b360703469da71647a7017135040f5b827dbaea9ddc518c90d58bb223e26f70d,2023-04-02,Economy,175
2721add0625906b5d43f4d0e5193adc98a26c3e04498f85d20764420c6e239fb,c80630a4a4256c485c397e6e7da3723663d161edfbca16168ab961e8b32c74c6,2023-04-02,Economy,175
16c2203f99b5f1d4b60e7ead3eeda41f425b1ce5f1592f8defd7ed73cd33e2aa,cef36520ca2a2974847aa51da26662da72ab2fcec2b1b1296e0c9d4455659b35,2023-04-02,Economy,175
24b3f2a9f4d584149b9b779f4c2389b7693adb4cf76f21b687b2d99837f2a4f7,942e9ec4a9abc4af9fe954a6714bedd0bb5fde0b59c83ebdf37ca4a512db922d,2023-04-02,Economy,175
b08e0ba13b63e465d7b0154be0eb4659c69ba1398a818382d5d75d514435ecea,bd0ff86d8ef5f570c1cdb4275539c10bc4aad61e5ac787ba107e37836685877f,2023-04-02,Economy,175
b619637bd443e5c24949274fac0ddbd16ae0473f101fd745b07ace9422db53dc,38f61ed0ce5f7ee9309240cac756984aadd01c43393810b02c9f68aa8e53601e,2023-04-02,Economy,175
2925ab23757abb40cab76928c28b9c57e11e1160906148008147aa7a52f30fca,b8604b17d97b6d6e9a2de1be68cbd6fc0150fc8418a34dbfc80dc83fb973a641,2023-04-02,Economy,175
eefd7360b8022938264adcd39c0f30d84990d504388c3b596db0cd5646f42571,3d016c2d80e2bae0e5c3851e96de2d912664cbfb5188a8238f40b00cfc83ebcc,2023-04-02,Economy,175
07680d19c725650301a8e936ccbd1573800810ca30ea6b6586df8b284ab67657,cd32689b12f48fc7d5523911327784f460deb18e91b76446ba43d7d0e8c7ea7d,2023-04-02,Economy,175
523fca299c2526fe93d6b6f8d1485fa40ef5a3418c7241dfe357d7b4353d9779,eadd84449b0c156460b8474fc43f24ac2726e9f19b021660686a521973c67612,2023-04-02,Economy,219
3eb3b986f941f727231eebaacb9aefc812d345b152e513ca39b1c6f9069f4cd0,099982752c61e6cbba942278e75da5937d167d30e271345a4b731057084c2e91,2023-04-02,Economy,259
c2c43a787b6698a5f6e5804269d8477916a30a4aed551ac471fb0a88749a703f,21c01ea2ad4c49746bcb072c378afe5a4b71f981b9bc3697708eee216dfeaadb,2023-04-02,Economy,259
0c4921542f786ba51f3133407b056fa761a6838a7c6fac4f5e27b724523ffd80,bd0bd6921283e08da4b510a2820c472cade8bbe4b3035602712a22f8fbff7fe9,2023-04-02,Economy,305
61a973c79d8268739697cc2c225822f38a1a8d9118026c82f7a0ab1881ee7744,521c2d067c6a98691a6c16ded36c3cb922f538875a4d9a78df647afe2a5819d0,2023-04-02,Economy,
d59d8e56f9c8d0bd11cf1c61bc81956febe066721d458323c75564ac7e08551c,4969bd2e6fea56b9cfefdca2fd8fbeafdc898ca2fb06870afe241ecaa8875c96,2023-04-02,Economy,
238ef06f77b9fddbe5d0923c7229a083abffcbe53f9bf01185a528395acf9ead,a8cc263f2edd046dac306c44f6e0dcf9ee41885893fa71513f7aac8bddc2c9a8,2023-04-02,Economy,
751cc5d07b37d33167326ae459592457c451787774004f5ab016150d7b1c87d8,c03a40d0fc3b809a47ef4241cdaf3a2504a9d29141469f9a1f7a48db05e4600d,2023-04-02,Economy,
18c168df9657663f5ca757fee3c64b31aea1fd6007c9ea2fdf233f082b087d65,29bf40dafff7d0d081de85a4c211269144da6358cafc8ae7ba6756f7bea94f23,2023-04-02,Economy,
5e0a50066b9bf83e94d592120f2d79818ab7c86a2dbb3cb4bbd6ce74ddc30c64,bea4d2a5308b76cf1b2c3c69adedc5894dd4a7ad6df6ca87c79c0bc7598a4230,2023-04-02,Economy,
dd3aa75c6b6bb31cc6d5d43c8004c6eec3c3ca8b85d4068ce20e79a8a8c54a7c,d2347a99561edc22202dde3ec64a006a728972ee478915511f9e62e01e108a47,2023-04-02,Economy,
5920301ffb5424576f678aa11720e002930ebbeeacf93eb32528f374a42ba205,09432ce75505e267a7c1c80735f0c6f0a9d3b9261e51a71b9c6c3adcff07d135,2023-04-02,Economy,
431b99456b9256becbe895a8d3a758dcfc983ef003ddef0c10ea2c37a5c94d87,d73db8d66a32931076166068464321c1c2dc8fcaa97706500a6814129fb2c4a7,2023-04-02,Economy,
ad1f3643707620f0596ba5beff918127186ed73a2da23343be497bd1fe018850,9b65461b0a1828cd7bcdbc44952afb95e3dd20f07e01f77d87ea6b995abfda82,2023-04-02,Economy,
e43ba659741bac9c63318181e2130e047600c2b1c744427dde6358583d332f27,50e644cc242526f9c2733f438826cc28c11ca5cce81cf091ba8bdebbc4bcac9d,2023-04-02,Economy,
051f31f9e73dfb1db20a6e413beea7ef6c01a73f87068c8ca211466c68bdd3d4,1e361c7c97f1fd622b4da00cfd55fba521fecc9c0da132de18a22a7d89b0ceb3,2023-04-02,Economy,
0acfd9b43096290e88cbad32e49c3cfa8d95ac34f0f9e5c5024068dd17bc3492,aec86b395ab87b89872426617944e440d4184002f55743968df621eac36ec2c1,2023-04-02,Economy,
3f256f961ccf3813d3d198532ef7ce32873564b8db41fb2e0737e99b8fd286a6,3a831530dcbd4e9e9a399605772587fb8061a3b72cfbd5c02e733dcdc60b5b26,2023-04-02,Economy,
081edd96935133d381a10dc162e8bf2780fedb09c3f0a1fc3d10c42406f173b9,7495eabb9c5e7291e2171e9a7dd6f8718dc3814c2a66876d16e3b5a3b0b6e3a0,2023-04-02,Economy,
7f87e3513a96f208cbefe0beaeda82b433d1296eeb5292e5f49f2690bef3a42a,b64479eb3712c19dfee3afe7c6790e560e3d343fd902ef74f9e678982e6f30db,2023-04-02,Economy,
80a3326cf6fc8e50eec4c2cbe70aa2a482e5f935e6c67c781261c7a8d39ea256,10af707dd81a1ac6ac2704f68fe23b47846350bef39d063fdf8f9b3c74d63740,2023-04-02,Economy,
f5dcd22b54425fa11272776ec1a659c1857404233862d9eaa88acddb86d62d2e,52b5aa4a434bab72b753058488e2db0e294df4636136d84c14123ff6285fe9a8,2023-04-02,Economy,
9db21d883f59d4706b02f66c24c4e6fd14a6c4dc5deb5800b81120387ba22b02,3791135f9538f7eec7a14657260c5c5b487bf8f71de84265db5905ce67c041ca,2023-04-02,Economy,
