flight_id,flight_number,airline_code,departure_date,departure_time,arrival_date,arrival_time,travel_time,departure_airport,arrival_airport
b0557ba1ddc7a25be460d6f8663d08457c5267acac4fc8376d03271439a28287,AA 1800,AA,2023-10-07,11:50,2023-10-07,14:14,4:24:00,ORD,LAX
4418565e81931037aa7967fb360f9d7346bd8bd13e09b2d37639c70a420701ab,UA 1796,UA,2023-10-07,13:07,2023-10-07,15:33,4:26:00,ORD,LAX
748e095fc0e1ad1a9e5a76c392beeecdc6a4b5fcfaac5dc1099cabedeabec609,AA 2899,AA,2023-10-07,15:26,2023-10-07,17:47,4:21:00,ORD,LAX
a05c9c0b8c5f3681b018472a7a49bb3a90fa182833889a057a36cafee54cccff,AA 2627,AA,2023-10-07,16:57,2023-10-07,19:23,4:26:00,ORD,LAX
a2dcca68ec2f8fb8fac95dbf65c48a05779343555460c465b8e7f57a06f27487,NK 1024,NK,2023-10-07,23:05,2023-10-08,01:40,4:35:00,ORD,LAX
a2c533adc3355ae574a9b0e3b7c1011faf62c99e660e38045f2fd4ec8d0aec69,AA 2798,AA,2023-10-07,06:01,2023-10-07,08:25,4:24:00,ORD,LAX
f34be70a9ada258f1bf932b4d8089ba6df03449538ecda7b34612cbca258a481,UA 2318,UA,2023-10-07,07:15,2023-10-07,09:37,4:22:00,ORD,LAX
54d7feb3a751393d8833f5b10cc8e9d202b5af987db1efba93ebc30cdb99a76c,AA 2743,AA,2023-10-07,08:40,2023-10-07,11:10,4:30:00,ORD,LAX
3e5d75bd0eb2f301b22d0d8a94ba6b59519433ee4518660e10ebff40c38e092e,UA 2430,UA,2023-10-07,09:00,2023-10-07,11:32,4:32:00,ORD,LAX
a14c50675d669eee17651831497be0670cc6ba4b786a7229c0dd53c3cfa61d8d,AA 2980,AA,2023-10-07,10:05,2023-10-07,12:34,4:29:00,ORD,LAX
d1241f6e7c7de450b260fed94f70e32fd147692fa15e4c93689df0f0d3060249,UA 1960,UA,2023-10-07,14:01,2023-10-07,16:30,4:29:00,ORD,LAX
5427901810bc5c62ee0c55cb04499ef44a3a3b6c7b1fd8c7bf508238b8a96d66,AA 2994,AA,2023-10-07,14:23,2023-10-07,16:52,4:29:00,ORD,LAX
457d2d8940d52cbd91527b7c097670328cad224f7723a2a5c192b0d834648b37,UA 2095,UA,2023-10-07,15:41,2023-10-07,18:10,4:29:00,ORD,LAX
6a7dd7bdf7c772c9d81cdd81d922ac8fa6d02afdda803e12e6edb805311f8db8,UA 2649,UA,2023-10-07,18:07,2023-10-07,20:40,4:33:00,ORD,LAX
1d50337b5f22e10154e71a1ab2ade0a5d6c29a5f6996a572127e2a2807f272d6,UA 1641,UA,2023-10-07,19:35,2023-10-07,22:00,4:25:00,ORD,LAX
ae8876d775ad0152bf2336252b6aceaba16bf740c0e9492e711c6f91a38d0521,AA 2741,AA,2023-10-07,20:34,2023-10-07,23:01,4:27:00,ORD,LAX
8763367812794f635353ebb128bed7788785d5d743289fdb251c711bd96e0360,NK 1786,NK,2023-10-08,17:31,2023-10-08,20:06,4:35:00,ORD,LAX
7ccdff53a6e163ca514fede6d86d006231aae125089a8418c5bcd3601e3464d7,UA 2095,UA,2023-10-08,15:41,2023-10-08,18:10,4:29:00,ORD,LAX
0c3c10d4bc195c55efee72e2e695d5588a5d5a3fc44c74987bf94cc066a7f866,AA 2899,AA,2023-10-08,15:26,2023-10-08,17:47,4:21:00,ORD,LAX
06fdaf52b53fbb7812a8f1eecf0168181ab091be976ac3eb4abd1080e0b43d74,UA 2318,UA,2023-10-08,07:10,2023-10-08,09:40,4:30:00,ORD,LAX
adb03e24d298be6c23392ed4a4581619193259d12f371598ec5691173e40c23f,UA 2430,UA,2023-10-08,09:05,2023-10-08,11:25,4:20:00,ORD,LAX
233ceab27a16254e31a67ef6f4048952d1ca2cb0a502353166b01d0d0e2e14c4,UA 2406,UA,2023-10-08,10:52,2023-10-08,13:25,4:33:00,ORD,LAX
3c6aa91c443bc114441b37a00b9117bd45c6b45f062b3f8c369d43b92fc53482,UA 1796,UA,2023-10-08,12:55,2023-10-08,15:29,4:34:00,ORD,LAX
29244b20dd58d8e992243e71e9115a5646b554e6b36cafd75869fa1bd9ba9b3b,UA 1960,UA,2023-10-08,14:05,2023-10-08,16:38,4:33:00,ORD,LAX
7573f91611648da54587c50da413a7c53371ffdcf12d6ec27c39bac30839acb9,UA 2649,UA,2023-10-08,18:10,2023-10-08,20:40,4:30:00,ORD,LAX
189879c0616ab4c96316aa58e2151146cd9622d6dffefd913395ce03fe0ad988,UA 1641,UA,2023-10-08,19:35,2023-10-08,22:00,4:25:00,ORD,LAX
1a23d3433fcb3899b6f28c07b3de286fad20265b4e014dfd4eb207df6c00f275,UA 1963,UA,2023-10-08,21:15,2023-10-08,23:48,4:33:00,ORD,LAX
509723df950b71f12ff61c42afa8b9ba7b94ed7ab6e3b9b5880a2a28ce11f20d,AA 2798,AA,2023-10-08,06:01,2023-10-08,08:25,4:24:00,ORD,LAX
b3503fc134c21bcc21de213c4fde14418c2a2ccf83d694161243c230a5be01c1,AA 2743,AA,2023-10-08,08:40,2023-10-08,11:10,4:30:00,ORD,LAX
34a845fb33b01656d7f238b1b01bf5931ecceb99c12eba8c38e318f6d8f9e52d,AA 2980,AA,2023-10-08,10:05,2023-10-08,12:34,4:29:00,ORD,LAX
0463f1b09caf3f76dfa4eb1ace454319bb64129dc8c42a7e573a2de3ee898e67,AA 1800,AA,2023-10-08,11:50,2023-10-08,14:14,4:24:00,ORD,LAX
6c5ed9ac179bce6d9b11af5ab0be391dac8a54c6e75d3655138e005c5f541555,AA 2994,AA,2023-10-08,14:23,2023-10-08,16:52,4:29:00,ORD,LAX
62357b8b35a893d54e3b80c2fd303bd2cd2cf8effdcb8bf43ba0853aced2e170,AA 2627,AA,2023-10-08,16:57,2023-10-08,19:23,4:26:00,ORD,LAX
1be08402de60370bbb378850c0eeca51599296ae85498e085d2d4be8b1d197b0,AA 2741,AA,2023-10-08,20:34,2023-10-08,23:01,4:27:00,ORD,LAX
2ff0d0da8b6ba90ddb47e8597670da4104c113db95efe1cd8674459b2fb8c929,NK 1024,NK,2023-10-08,15:41,2023-10-08,18:16,4:35:00,ORD,LAX
b277943272514f5f34461ae8bf61fbda271337b2e67bd20d9cae2f08472f780f,AA 1653,AA,2023-10-07,10:30,2023-10-07,13:16,4:46:00,ORD,SFO
4d6cd53ee47c49a15c0fba863df9acafda819b6f7677ecdb01c70c7993aa1275,UA 343,UA,2023-10-07,10:35,2023-10-07,13:21,4:46:00,ORD,SFO
22bc254448e8ec229753f5ed4f3400a9261059164a7ec19e2c5b3fd971e46e43,AA 2644,AA,2023-10-07,13:40,2023-10-07,16:23,4:43:00,ORD,SFO
5fc3365560ea97b3304b0903d039db11d5c97126a45bd9185ea5c9e86c841eaa,AS 597,AS,2023-10-07,14:57,2023-10-07,17:40,4:43:00,ORD,SFO
a5224a72334a95da9dfcffcd00870e4ee01447b780574709eab711e208e13477,UA 2041,UA,2023-10-07,07:10,2023-10-07,09:50,4:40:00,ORD,SFO
180633c02f9428898770c5688c4ad82e74ba8d00013a07a1c61ec359d03b1925,UA 1943,UA,2023-10-07,09:15,2023-10-07,12:07,4:52:00,ORD,SFO
f47c82a4249a2715a6d9975010c92a2d04c48f7c7dfef46afc5ceca4edcdaa1e,UA 528,UA,2023-10-07,12:45,2023-10-07,15:28,4:43:00,ORD,SFO
1a1d2bc55874301803aabd98deb2894b43186ef0d00bcd0d9d0c3aee1967ccf8,UA 1878,UA,2023-10-07,13:55,2023-10-07,16:39,4:44:00,ORD,SFO
c5e015d1a7a8d1eeb8bc2e3f780a8325f3370abec7e30cb499bd11e1116165d7,UA 2278,UA,2023-10-07,15:55,2023-10-07,18:30,4:35:00,ORD,SFO
b8189f9b854e33cea75eb348400c787a0d6812e1b7c030a249096494556b0891,UA 1503,UA,2023-10-07,20:12,2023-10-07,22:55,4:43:00,ORD,SFO
7c9415f586df1265a1d42f9396ccef4e75ad1a9044b412741f17c36d7dc2fdc8,UA 1836,UA,2023-10-07,18:35,2023-10-07,21:18,4:43:00,ORD,SFO
c9f2e26eb5475ec9769cdcfc37030d17a998ebf07b332a3b9ca7377314271ca3,AS 597,AS,2023-10-08,14:57,2023-10-08,17:40,4:43:00,ORD,SFO
5f9379b5bffb04d78bbaebaf9eddc04f2c512a155ad2d2cfcaf7c0851e0337c0,UA 2278,UA,2023-10-08,15:55,2023-10-08,18:30,4:35:00,ORD,SFO
214e8057d989c2156b8dde9afe84d56b6b001d2a067cc41ba8abddacb062d3eb,AA 2644,AA,2023-10-08,13:40,2023-10-08,16:23,4:43:00,ORD,SFO
87b9df864e73eff76e3682c172078859723f377742ea60bff1121d3e96bc55bf,UA 2041,UA,2023-10-08,07:10,2023-10-08,09:50,4:40:00,ORD,SFO
ccab7e20c777d0accf7d474624d84aa75c6411906756a4a33e38498a99ada58b,UA 1943,UA,2023-10-08,09:15,2023-10-08,12:03,4:48:00,ORD,SFO
fb94be2f76dec8b6cc730b1d2315d0e659b45b154ed00708a7ca15570d2837d3,UA 343,UA,2023-10-08,10:35,2023-10-08,13:21,4:46:00,ORD,SFO
b296f578ba5a512c24a068e818da0f50ddac44a5283416e80355bab7ef8e150f,UA 528,UA,2023-10-08,12:45,2023-10-08,15:28,4:43:00,ORD,SFO
b52e7e10ec74e9b2288cb218aabf4d982aadfc5b097ee95437570b3e62e472d0,UA 1878,UA,2023-10-08,14:01,2023-10-08,16:41,4:40:00,ORD,SFO
05485b2da33649d57a517b013bb8fad50376b7cd26b3f543acd15fba1be12b8a,UA 1836,UA,2023-10-08,18:35,2023-10-08,21:18,4:43:00,ORD,SFO
4d8e35baf13f8ba6c531d670cb00c13398ac14a1ff11038d2883e16b6cb6be0b,AS 331,AS,2023-10-08,19:59,2023-10-08,22:44,4:45:00,ORD,SFO
3d295da8b88c2d4ba2c9fbe8fe07bfc13e6c2baa9477e894ea9dac2fad6192b8,UA 1503,UA,2023-10-08,20:09,2023-10-08,22:52,4:43:00,ORD,SFO
ccc6ea7a92120581b8f5d21ea2d4e512a1028ca9c31d6104d2648829f7757b27,UA 2433,UA,2023-10-08,21:16,2023-10-08,23:59,4:43:00,ORD,SFO
2f78304e26ca381845da5245cc812a3e578d288cbe89536e38c4bd38e43b3e29,AA 1653,AA,2023-10-08,08:55,2023-10-08,11:40,4:45:00,ORD,SFO
05bf635647bd54fe2469c5b9f46c3056dfb4e5ae0e4c56c0074824d33c3e8b5d,AA 2753,AA,2023-10-08,20:23,2023-10-08,23:06,4:43:00,ORD,SFO
326a3aa48a360f382d86dd293c7b7dab155793b8ebc670ea8a8e2cff1a39918d,NK 1023,NK,2023-10-07,08:24,2023-10-07,14:35,4:11:00,LAX,ORD
7916b3b94fb8649643afaa13b23666d529c25c602afa7e1ac7c9e34ef1b6b420,UA 1400,UA,2023-10-07,10:36,2023-10-07,16:46,4:10:00,LAX,ORD
84b1dd0946f7294756fbaeca3d4fff5b68bd7144bb6ec62d96f9f2cfe3ab59a6,AA 2942,AA,2023-10-07,13:10,2023-10-07,19:19,4:09:00,LAX,ORD
197fad5290936f00f96ff2ecd17c4eb669b6f7130efefd5bd346ddf11d0f6137,AA 2913,AA,2023-10-07,06:05,2023-10-07,12:19,4:14:00,LAX,ORD
f03978111fd0ce996873d8cc91fa734de24221dc3aff2725d6a90ffb4a73a122,UA 622,UA,2023-10-07,07:00,2023-10-07,13:08,4:08:00,LAX,ORD
df167f585b6450eee114e50680686ae7c20d6fe05d075f06867202c00ba9a1d9,AA 2813,AA,2023-10-07,07:05,2023-10-07,13:23,4:18:00,LAX,ORD
04cd6f2c35d4287b183d8b11118f274669e80c0700cf8842722b5f1ed7eaf279,AA 475,AA,2023-10-07,08:00,2023-10-07,14:12,4:12:00,LAX,ORD
e95098d056891e878ed93f030df172c7e134ef38b070319d1306bfdcaeda330f,UA 2039,UA,2023-10-07,08:49,2023-10-07,14:55,4:06:00,LAX,ORD
ce25033dec762aa3760a6c88a205783f1ce8bd6a1f501fba219a0d2989ebb862,AA 2982,AA,2023-10-07,09:45,2023-10-07,16:04,4:19:00,LAX,ORD
b83fd62111dd93128a6fa851e490df7eb9baccc71a8cc2598ff014e898603c10,AA 2939,AA,2023-10-07,11:15,2023-10-07,17:26,4:11:00,LAX,ORD
feabe74be593f401d2d3a572721fd4208873f4e35f5676fb659c601e815bda6c,UA 1069,UA,2023-10-07,12:40,2023-10-07,18:50,4:10:00,LAX,ORD
5e97d1ee07a6e209196b1d6569c446c76b13ac04699b8fef94688712e64fbc47,UA 1897,UA,2023-10-07,14:45,2023-10-07,20:46,4:01:00,LAX,ORD
30e5122e77831412d826e4b1a76d6c461b9593bab7b9c6a449a2960fc585ae11,UA 215,UA,2023-10-07,17:45,2023-10-07,23:46,4:01:00,LAX,ORD
3367a9eb2c3c758b872d4866d8818e853ebdd3011c58ac4630de3e985ac80ac6,AA 2952,AA,2023-10-07,17:48,2023-10-07,23:59,4:11:00,LAX,ORD
5aada3be9e91eac9100abf6c9d195be234cb05ac3a3a8d93630f9fcaf7c9f060,UA 2622,UA,2023-10-07,22:59,2023-10-08,05:05,4:06:00,LAX,ORD
4429d108a5760f0a128f91166e4adbe14c5488ee08c01d420d7ccb0e3b43a229,UA 2200,UA,2023-10-07,23:59,2023-10-08,06:05,4:06:00,LAX,ORD
2f101fd8eec60d42ebca4d380a1e5174319c85bf6832d9f428b0d53a54abd9de,AA 2827,AA,2023-10-07,23:59,2023-10-08,06:13,4:14:00,LAX,ORD
2c38004beda4af1b5b137870a71f1773db26b561839f6d7084b3e51058421419,NK 2804,NK,2023-10-07,23:40,2023-10-08,05:53,4:13:00,LAX,ORD
5f7eca755491531cc8e9d0fe542c6086d7d54a36918271da2ff44e9941300889,UA 1400,UA,2023-10-08,10:36,2023-10-08,16:46,4:10:00,LAX,ORD
012c039029da96cdf042e87fd6df46b0e5d3a26eb06856b034af78c30f87ef87,UA 1069,UA,2023-10-08,12:40,2023-10-08,18:50,4:10:00,LAX,ORD
636a77624ed2596e5521965c7d6c695f979224d6c4fffa873185408c5602a173,UA 1897,UA,2023-10-08,14:20,2023-10-08,20:21,4:01:00,LAX,ORD
6658a6300d8f9028681dfc11195b8c58617173d640ee74676392397a7c077719,AA 2939,AA,2023-10-08,11:15,2023-10-08,17:26,4:11:00,LAX,ORD
4b73cb1986ae853379a4e614bbb57d7ec616c8cd0d2edd417a78afccdb76251e,AA 2942,AA,2023-10-08,13:10,2023-10-08,19:19,4:09:00,LAX,ORD
a8be0faeb0309ecffb87bfbc258d983c476c59de5fc0c1eea76867659a1a9675,UA 622,UA,2023-10-08,07:00,2023-10-08,13:08,4:08:00,LAX,ORD
c370fc1f364edbb01327a585d9766f46041d95505eedab63d1d05bd14c446eba,UA 2039,UA,2023-10-08,08:15,2023-10-08,14:25,4:10:00,LAX,ORD
251e3a1aeeaeb3af9b4594ae6dabdb372133c272834f4076b67eff15c3b6d183,UA 215,UA,2023-10-08,17:45,2023-10-08,23:50,4:05:00,LAX,ORD
5bb046c82e169d19d5b400db843482e5c34cea2ecce111f8276d1af616b708ee,UA 2622,UA,2023-10-08,22:59,2023-10-09,05:05,4:06:00,LAX,ORD
5da4561fb15bcb7a971bbc962d5d41b18d6e2f245b80d883a25f9aa1dd129a8c,UA 2200,UA,2023-10-08,23:59,2023-10-09,06:05,4:06:00,LAX,ORD
a82121e8b33cf40a88531ed9d9e13482e50fcc71e9a6d23810e904c902ad495b,AA 2913,AA,2023-10-08,06:05,2023-10-08,12:19,4:14:00,LAX,ORD
a702349d13c9a59eda55308af309c7a636cac932d9b10983e895aa710b8eb422,AA 2813,AA,2023-10-08,07:05,2023-10-08,13:23,4:18:00,LAX,ORD
44cc093151e55168beaed1b3ace90d5bcd14b07f1983ede6c0a601d7827e6171,AA 475,AA,2023-10-08,08:00,2023-10-08,14:12,4:12:00,LAX,ORD
fc94fc58a839eee5e6c9d7eba730bb4252d1f79fd8561a64dd47ca122cb57171,AA 2982,AA,2023-10-08,09:45,2023-10-08,16:04,4:19:00,LAX,ORD
ea2e8787fdf0135d51e28921ad7d79b5313d8c0989c8370dca021ae8aac741e7,AA 2952,AA,2023-10-08,17:48,2023-10-08,23:59,4:11:00,LAX,ORD
ba79c438189c4f02584430eaacffcc54b33aca9e60960cb1622cae5369f6586a,AA 2827,AA,2023-10-08,23:59,2023-10-09,06:13,4:14:00,LAX,ORD
433a0674c9ecfc0c6dda319d3f4026c73e45d295e23628807edffac641b3fd9f,NK 2804,NK,2023-10-08,23:04,2023-10-09,05:17,4:13:00,LAX,ORD
f88f2f4e649f7ff8214b3f4ccf8686af83d53f8dc99caeadda0a0fefc385ebe3,UA 2496,UA,2023-10-07,19:15,2023-10-07,20:41,1:26:00,LAX,SFO
ff9ad18c49504881b20d7342d67f7c8578300997d442146f621c8b53e8f5af06,DL 789,DL,2023-10-07,16:10,2023-10-07,17:38,1:28:00,LAX,SFO
7a100f0a3522236d865565b7500e8d23652b75a9ae3993e16dfa2122e2622a5e,AS 1309,AS,2023-10-07,17:55,2023-10-07,19:23,1:28:00,LAX,SFO
a0d01670abc4c6f4051d16cecfdb9bbfe75a1c1d351ac39eb4b77292cdfcee7f,WN 2212,WN,2023-10-07,11:10,2023-10-07,12:25,1:15:00,LAX,SFO
b61ea856679fd87c07e5c42185333c067c40f44880e2ba5c8d0116e3cf3e94ad,DL 2054,DL,2023-10-07,19:00,2023-10-07,20:27,1:27:00,LAX,SFO
d58512c98af6f8fe460e60e5fdcc18c1d878a936d815af6f4fdb10d88bca0f1c,UA 564,UA,2023-10-07,18:45,2023-10-07,20:11,1:26:00,LAX,SFO
16e78b0d6dd0d9d41b7e85a935c399d12242da1a555bc8cee5a9a3c026951a91,B6 2735,B6,2023-10-07,10:15,2023-10-07,11:45,1:30:00,LAX,SFO
1b7e7029132eb3a7600eb6edceb2dddaacd0cb9229de96d77fe2d16f3b40ce79,UA 1712,UA,2023-10-07,12:15,2023-10-07,13:41,1:26:00,LAX,SFO
293f71b70c842647c898e14a681861f73f5ee2f594aa150ac1dd3c18b3721a05,UA 2318,UA,2023-10-07,13:25,2023-10-07,14:51,1:26:00,LAX,SFO
adf35c67514f021d3ca782cac66b956d6e9b7e65399e7f0170a84510f421b467,DL 2267,DL,2023-10-07,13:40,2023-10-07,15:09,1:29:00,LAX,SFO
b01e7953f0b12987f34c55238aea0b050b974a7f77fed28f9f3e7a6f8f39985d,DL 2272,DL,2023-10-07,10:40,2023-10-07,12:05,1:25:00,LAX,SFO
cf13e50b9c61019ce51aec0208237ba4546ed3d24d33f45ca1e03999a0e30d65,UA 2445,UA,2023-10-07,08:15,2023-10-07,09:41,1:26:00,LAX,SFO
8477a37b6918a60bc42d41892b7d0c55033a13894febb6e7eb0d598e9ff3e30b,UA 1597,UA,2023-10-07,22:35,2023-10-07,23:59,1:24:00,LAX,SFO
eb526d94380bb9661ca33cd3a10a8bf5cbe634cbfd4fd552524bd948c75c70b5,AS 3398,AS,2023-10-07,14:00,2023-10-07,15:23,1:23:00,LAX,SFO
eaa2dcdbb64b760a47ae0bc37656414916b87583b6df5210064977490f157bc5,AA 4885,AA,2023-10-07,09:00,2023-10-07,10:34,1:34:00,LAX,SFO
9e940b3d4e7274fbeb2c9768067c1c358c9445ad7efdb351a6b154d26683f39c,DL 2581,DL,2023-10-07,08:25,2023-10-07,09:59,1:34:00,LAX,SFO
7ce0d721a96a2b17639dbd7a1728fff7381282c579d0e99d643fdbee1160acc2,UA 1756,UA,2023-10-07,10:25,2023-10-07,11:51,1:26:00,LAX,SFO
444317611140d323dc920e194ec619c62712a66445df46ea1c81de7cef14d2cf,UA 2611,UA,2023-10-07,16:10,2023-10-07,17:36,1:26:00,LAX,SFO
e3ede28fbd701c71a054d29123252572908833fe31e860af0615c67d06f74a0c,AS 3439,AS,2023-10-07,08:20,2023-10-07,09:45,1:25:00,LAX,SFO
151d01b3c91d124e8fda4beaa909a91fcc504acc055e22041cc00a9536b2c986,AS 3480,AS,2023-10-07,11:20,2023-10-07,12:45,1:25:00,LAX,SFO
aeddc68e42beaec13adfe55975416d366d624300b976e3c3864e0322df7e5db0,AA 3174,AA,2023-10-07,15:20,2023-10-07,16:40,1:20:00,LAX,SFO
9742ea136b40568b8b290671f41c21d354c7fd85f41bc18f123b0bb24f66f22a,WN 320,WN,2023-10-07,08:15,2023-10-07,09:30,1:15:00,LAX,SFO
c0c14fb70325379b893fd2cd7cc5cd8e1ad9316d0804bc5f1ba72e4e315b1e91,WN 3540,WN,2023-10-07,18:45,2023-10-07,20:00,1:15:00,LAX,SFO
455138c1d2c62b4e7b5dcf2d51f0a0a734df38fecf5f1fd0523ca3c7a18aa49e,DL 2054,DL,2023-10-08,17:55,2023-10-08,19:20,1:25:00,LAX,SFO
d493e4332011f4410ccf303ac367612f60512eacab3d4991d30f7b328bf8b634,AS 1309,AS,2023-10-08,17:55,2023-10-08,19:23,1:28:00,LAX,SFO
166070dce5f78157130547448e0f4ce5a179e1580514c9d158b019626a5af5f7,B6 536,B6,2023-10-08,17:25,2023-10-08,18:45,1:20:00,LAX,SFO
e6d9524cd1e5211e0517fd057d900a1e58c9e98c9ebf91798a4e7eadaf0df068,UA 2496,UA,2023-10-08,19:15,2023-10-08,20:41,1:26:00,LAX,SFO
04989dbcb045fad0725b5e79a4d21be1c158caf83c46371e9b425723e51294dd,AA 3174,AA,2023-10-08,15:20,2023-10-08,16:40,1:20:00,LAX,SFO
e5a2063a9d3ff7459af932a05ab5c62d334ab0c4da1f5dde03c9d734a0cd2483,WN 2212,WN,2023-10-08,11:45,2023-10-08,13:05,1:20:00,LAX,SFO
bb845d253ed3c47772fe04f3cef7b203c9240f037e289b5198de98399bfd3e19,DL 2614,DL,2023-10-08,06:00,2023-10-08,07:31,1:31:00,LAX,SFO
f650fa6ddf175e7a6d669ab183abb879e2dd8504ffbe1a077eb4cbc73d8edbeb,UA 1597,UA,2023-10-08,22:35,2023-10-08,23:59,1:24:00,LAX,SFO
6e16381f638316137335b7c20fe3cf7749cd4d697821aeb1d5d8969a2b2786b5,UA 2445,UA,2023-10-08,08:15,2023-10-08,09:41,1:26:00,LAX,SFO
0be156024201c48e94e6802b21c06ee861ed47a3c0b43101625852d875d92b48,UA 564,UA,2023-10-08,18:45,2023-10-08,20:11,1:26:00,LAX,SFO
a1e607097b59fa864e96f240c797aed9f832533ace968c3ab79c1e920a2df0e1,B6 2735,B6,2023-10-08,10:15,2023-10-08,11:45,1:30:00,LAX,SFO
be00ec3edae7381ade3aa6237c22115d975fccad786e890ef11549b9da301386,UA 1756,UA,2023-10-08,10:25,2023-10-08,11:51,1:26:00,LAX,SFO
3547e2c7a711176a58cf5cb878971d6d5df26afd5009d70c90ef80317b52ea8c,UA 1712,UA,2023-10-08,12:15,2023-10-08,13:41,1:26:00,LAX,SFO
84e0df1ad85468f82e09b98bdf576f46197ecbabf474456413bb419c0fd0ebe1,AS 3309,AS,2023-10-08,09:40,2023-10-08,11:05,1:25:00,LAX,SFO
2f8c1221f22d664eda4f34a61b01e58cf4869fd90adc468ec5c5043efc1724d9,AS 3305,AS,2023-10-08,22:37,2023-10-09,00:02,1:25:00,LAX,SFO
0b608e6631181120c062c50a1321d50a03dbe5fb1296088cc4f6b394aae7f58e,DL 2581,DL,2023-10-08,08:25,2023-10-08,09:59,1:34:00,LAX,SFO
a9a686eae0556d626ce9a68b44021bded443ede0428e515b958399e6bb19bc10,DL 2986,DL,2023-10-08,21:20,2023-10-08,22:51,1:31:00,LAX,SFO
3629a6f5cac4bafb69a756ec05b81d0c74174ec85e565521f673a2a404bcb50b,DL 789,DL,2023-10-08,16:10,2023-10-08,17:38,1:28:00,LAX,SFO
e93f8b85f75190e49be8c5e0eb027c28451776d9edcdbbf33c4e25109b10b8cf,AS 3439,AS,2023-10-08,08:20,2023-10-08,09:45,1:25:00,LAX,SFO
28322ee972ae1f8039cbf80dddf6375ec250eb6204ae14b0460c5dcac72bf2ea,AA 4886,AA,2023-10-08,12:09,2023-10-08,13:29,1:20:00,LAX,SFO
d0b87db160875a768d20d6767a601cc8aed00464ebc98382f2f9006c7dc1e8aa,UA 2318,UA,2023-10-08,13:25,2023-10-08,14:51,1:26:00,LAX,SFO
5cea5f8d0d31fec99d0400da85f23d3b03885252a0d52ae886199557f7c56a19,AS 3393,AS,2023-10-08,19:55,2023-10-08,21:18,1:23:00,LAX,SFO
83968fc0617cc95e473ff427ee59631eabd8f0206b74be41843ee6de8bb3dd55,DL 2272,DL,2023-10-08,10:40,2023-10-08,12:05,1:25:00,LAX,SFO
5cf3438a896323d76629c8c2353bb6d73ffd4b9b872178d1cdd7d4634ff9967c,DL 2267,DL,2023-10-08,13:40,2023-10-08,15:09,1:29:00,LAX,SFO
b298877c5b085914affee99330d73752c1bbf737b00be7dec7d8df80f739fdb9,AA 3105,AA,2023-10-08,20:10,2023-10-08,21:30,1:20:00,LAX,SFO
7f9ac3761fae5afe207f83488723bad7c2d805775a0f9fbf575c86cc4baacbf1,UA 2611,UA,2023-10-08,16:10,2023-10-08,17:36,1:26:00,LAX,SFO
e3003876704f78d4fb59b54f9eeab09b2a3c48f4eb2ab846def7395b496c99d1,AS 3480,AS,2023-10-08,11:20,2023-10-08,12:45,1:25:00,LAX,SFO
7799f3041f3e08a8d05a59928bc67b65ca39813f7b46ce1b3d5c41cc50b2f633,AS 3397,AS,2023-10-08,06:00,2023-10-08,07:25,1:25:00,LAX,SFO
4574e36ff80c174da82e683c745912bea77a022617d9d35e91f499ce4019d27a,AS 3398,AS,2023-10-08,14:00,2023-10-08,15:23,1:23:00,LAX,SFO
400fcdb1dbe84325e949dc5c8345209e2055d8ae60967c703b30060fc36e837e,AA 4885,AA,2023-10-08,09:00,2023-10-08,10:34,1:34:00,LAX,SFO
86318be8fa6522a107f3f17e681985e10f4c0bda93a534f7117f43580f3f5750,WN 3947,WN,2023-10-08,06:40,2023-10-08,08:00,1:20:00,LAX,SFO
b6d01ac8b549ff2dd52fd30997fa089880eea5b658db1bf694ecfa82c35cfff5,WN 3625,WN,2023-10-08,13:30,2023-10-08,14:45,1:15:00,LAX,SFO
02a06e707ca67201958b48c101db1ee6ea7ae75cf9d14d9f88894726a8520409,WN 2016,WN,2023-10-08,16:45,2023-10-08,18:00,1:15:00,LAX,SFO
14e0bcc3b48866af5fa141dbe7283fb313e890239a92b425e14a1aa916cd8c0b,AA 2614,AA,2023-10-07,06:00,2023-10-07,12:24,4:24:00,SFO,ORD
e55405a5f80c47e3c35212c801a8476ae62f12bb0827254aa91c60d04da3a315,AS 598,AS,2023-10-07,07:40,2023-10-07,13:57,4:17:00,SFO,ORD
e5c26d62f7f5333e534a0576babab3b056fdef5b6a8d619e9c6f187eba385114,UA 2145,UA,2023-10-07,08:25,2023-10-07,14:35,4:10:00,SFO,ORD
ffbe3164e0dc6751bd2c4a09058d00a26d8789899db386f8d84e093c02b7b6f5,UA 1092,UA,2023-10-07,06:30,2023-10-07,12:46,4:16:00,SFO,ORD
9ad4a7bdf3ab669cfd5483ca2fe8009ea240d02a2c59317bee9ce39a82af9527,UA 2627,UA,2023-10-07,15:04,2023-10-07,21:24,4:20:00,SFO,ORD
92c53829054e38f20965705f30eaa2eb97df74199c7a3629e80bec7143336c22,UA 468,UA,2023-10-07,16:45,2023-10-07,22:58,4:13:00,SFO,ORD
8d68fa57bb9ba53f3ea517f6e83ded7bdd8be8dc054db06c055039127083fcc2,UA 278,UA,2023-10-07,22:55,2023-10-08,05:12,4:17:00,SFO,ORD
2176d2e6446e1f74a6e73cbf249f45a78027a3b201cc633e841b51d7641a27e2,AA 2828,AA,2023-10-07,23:59,2023-10-08,06:14,4:15:00,SFO,ORD
a43f60d83cc08b45ba5ce979da9f28d41fbe875589dca618b8d4a6e1d89fb8b6,UA 476,UA,2023-10-07,23:59,2023-10-08,06:15,4:16:00,SFO,ORD
945351efc7f525fa0cc1e35883efa66aadb05fbb538d28ae3f41fda633471f47,UA 2230,UA,2023-10-07,10:52,2023-10-07,17:10,4:18:00,SFO,ORD
f930630becac20086bdd68c264b75e817676b225103525f24dc0830ee0feb34e,UA 1756,UA,2023-10-07,13:31,2023-10-07,19:55,4:24:00,SFO,ORD
51ba4c36a98c3d8fbd4c7bed6a684c50597f61ad8d787881a8021405c42c20ed,AS 598,AS,2023-10-08,07:40,2023-10-08,13:57,4:17:00,SFO,ORD
2d3d1aaa0d9ae8b1c6b3b1d7d42e88d09cc1f83d06b64d33b28c8f8dbbe4297f,UA 2145,UA,2023-10-08,08:25,2023-10-08,14:35,4:10:00,SFO,ORD
ad4ef8d3eb3a43a8f4a755e9ec1803ec4da52d0215be7ce8afe243fc108ccf0d,AA 1653,AA,2023-10-08,12:53,2023-10-08,19:11,4:18:00,SFO,ORD
9bd0f4333bf2c977379b1799d02f71785ec8db7c2b5cd4d2f02299792aad607e,UA 1092,UA,2023-10-08,06:30,2023-10-08,12:46,4:16:00,SFO,ORD
3ee006f41541d7a1b3566ff1ecc41f1bd36ca94afd825a7c7cd823d8fe1f8554,UA 1756,UA,2023-10-08,13:31,2023-10-08,19:52,4:21:00,SFO,ORD
111c37287dad8c6ae6d97cbd4ccfa9028d9fdc095f6b7d74e75d762628be0d8b,UA 2627,UA,2023-10-08,15:04,2023-10-08,21:24,4:20:00,SFO,ORD
2a10c240ee962ffcb89305a454d2edebaa05206563816a9f72a544d876adc638,UA 468,UA,2023-10-08,16:45,2023-10-08,22:58,4:13:00,SFO,ORD
0235a4ab0d4320f2b799543cbbff0b03d68f6797dfcf7b46ff471b0e1f9d4378,UA 733,UA,2023-10-08,17:49,2023-10-08,23:56,4:07:00,SFO,ORD
1a322f4e053aadae5fd3b9620b0c4b44830ba2481b731784d89ff1c1921688cc,UA 278,UA,2023-10-08,22:55,2023-10-09,05:12,4:17:00,SFO,ORD
377be1f386f5406e1a9724184ae7b03ca4a0016744593f4270f04c492b1ef7d9,UA 476,UA,2023-10-08,23:59,2023-10-09,06:15,4:16:00,SFO,ORD
d82260168e2c410f965caee63e261e82244ed6cd7ce0afcc563f5768adcffc3c,AA 2614,AA,2023-10-08,06:00,2023-10-08,12:24,4:24:00,SFO,ORD
40e11bf418e81315ac04fe325e489398166cd0acc0dd5a155edd163e26dc64ef,AA 2828,AA,2023-10-08,23:59,2023-10-09,06:14,4:15:00,SFO,ORD
f5e29f68f3bbbc3be8230eafe348149c513e014ee3f54f153c53d79975154a38,AS 332,AS,2023-10-08,12:36,2023-10-08,19:01,4:25:00,SFO,ORD
5e8c7ddf8fee7ec48a9698dbe62ddd6f21b6c029dccb74ff76375217d63d2016,UA 2230,UA,2023-10-08,10:52,2023-10-08,17:10,4:18:00,SFO,ORD
7a5b7ef521e5cb4948ea4f82a03f17dbb30d5617db50e41a1af6c6e92d20d1fd,UA 2096,UA,2023-10-07,19:45,2023-10-07,21:17,1:32:00,SFO,LAX
a4047584e33ce736454386f3ec859057d39a941d52bd5fade46903d8fdde37f2,AA 4884,AA,2023-10-07,17:30,2023-10-07,19:04,1:34:00,SFO,LAX
9e84093c7e7094e445c59d2d13f13e0af64021f9ed0d2028fa1ec259c78e63ff,AS 3342,AS,2023-10-07,13:25,2023-10-07,14:55,1:30:00,SFO,LAX
4345879a1c6d999de08936fc0657e0117dc22c48055ee1dff7f3c22076aba8fc,DL 2581,DL,2023-10-07,10:59,2023-10-07,12:34,1:35:00,SFO,LAX
f6f0c4dcc1b08d10bd31b3dae2d44a6792f16f777f7709fcd47a33ac5aa492bb,WN 3245,WN,2023-10-07,10:20,2023-10-07,11:40,1:20:00,SFO,LAX
1373aa9845d1bfdced57058b397556af8689dfc69eae8c8eead2945606f04038,UA 395,UA,2023-10-07,22:35,2023-10-08,00:07,1:32:00,SFO,LAX
dbcdeb2f5db1e9d53b2d3fdb81fc96d777c5616003b5144a875099caa2378f86,UA 1008,UA,2023-10-07,15:25,2023-10-07,16:57,1:32:00,SFO,LAX
217e223966f53bcf7b2647de958af006ded7fefa01802532dd0f66daa3c9ac40,UA 1413,UA,2023-10-07,16:39,2023-10-07,18:10,1:31:00,SFO,LAX
33f32fa0f41652c86d3be251f6923a9a6d1368a26a5fdcf0227a4709ce37852f,UA 1200,UA,2023-10-07,18:30,2023-10-07,20:02,1:32:00,SFO,LAX
8b55ea4cb6480ce8a05003b2e83ad390c1e958ea4b4fec3aabd44eaf6b016ce9,DL 789,DL,2023-10-07,18:40,2023-10-07,20:14,1:34:00,SFO,LAX
869113be0f945eb8064801f320a21b94ded7d0d1d358645671d7b3ae13aee419,UA 1962,UA,2023-10-07,13:30,2023-10-07,15:02,1:32:00,SFO,LAX
4ac4285f50d4b2bc93991849544d463af5e0bcb1a7070bc582d7772a9bd21b02,AS 3398,AS,2023-10-07,16:09,2023-10-07,17:35,1:26:00,SFO,LAX
6e55a8e3765b4296f522bc43eff9aab20cc232edfcfa6e15b14bb3026c70773b,UA 1331,UA,2023-10-07,07:30,2023-10-07,09:02,1:32:00,SFO,LAX
8daf17e4bd63f2f743237772b2c4c364eaf471cf62884647e50bee94ce6d29ee,UA 2166,UA,2023-10-07,10:35,2023-10-07,12:05,1:30:00,SFO,LAX
90cba698c936f7041cc8ccf14b0b32d525f21ade6c3102179fc80b680dac771c,DL 2267,DL,2023-10-07,16:09,2023-10-07,17:40,1:31:00,SFO,LAX
955a855a22c2a793bb4a00677439401e75d15a29f80ac56ec43116381f34f485,AA 3179,AA,2023-10-07,08:35,2023-10-07,10:10,1:35:00,SFO,LAX
c62ad2ba21a89c8d3291d4bee3237ce71db9ed6933fd720cf1e1333c87cd0bf9,DL 2841,DL,2023-10-07,06:00,2023-10-07,07:28,1:28:00,SFO,LAX
492ad5b87d3ac5d601846a6b7a2b1defe2435e736676852970762dffd174efd9,UA 1552,UA,2023-10-07,08:50,2023-10-07,10:22,1:32:00,SFO,LAX
156342aa0c02a66783ccfa33288fd71bb64086ceb50130fdc9a05869efc39391,DL 2272,DL,2023-10-07,13:05,2023-10-07,14:40,1:35:00,SFO,LAX
5f7ec25d57d4993c5cf91fa4ca631fb0fdeec16c7d085314009be0adef56f698,AA 3162,AA,2023-10-07,14:00,2023-10-07,15:34,1:34:00,SFO,LAX
5d914bccbdcfa4b92f8991adc123c554fe55fadd4f3ca765a07db989e325d0cb,WN 667,WN,2023-10-07,06:45,2023-10-07,08:05,1:20:00,SFO,LAX
922d0919dc1ee69effee1f8f899cc974d161b1afb6b2a04fa8bdc3b0e4946fac,WN 3557,WN,2023-10-07,14:00,2023-10-07,15:30,1:30:00,SFO,LAX
83163972c1c8bf52ce250d0d1fcfff21cb9f87bb54424ff89f4354fa97e46667,AS 3439,AS,2023-10-08,06:00,2023-10-08,07:33,1:33:00,SFO,LAX
ea8225a07034a597a6c7cdf79b5ce0870601b89b6debe75509993c236f55212a,DL 2841,DL,2023-10-08,06:00,2023-10-08,07:28,1:28:00,SFO,LAX
bbc3c02b2a63a8ccbc3ff130abcea4793439755e2c7125977a410bb1dada92e4,UA 1331,UA,2023-10-08,07:30,2023-10-08,09:02,1:32:00,SFO,LAX
9a8127e82442c696577113d6d80617e95a06a502d27f968feffe4a8dfba0e50c,WN 2075,WN,2023-10-08,13:40,2023-10-08,15:15,1:35:00,SFO,LAX
64d6c730cbd29cd79af743abc23f4b257478555ce3cf2b9cc8602ed3073a425c,UA 1552,UA,2023-10-08,08:50,2023-10-08,10:22,1:32:00,SFO,LAX
cc407caa957a1576e80b6bda94a146d5fb4a5825952fd1b05e51f922937bdc85,AS 1308,AS,2023-10-08,07:00,2023-10-08,08:40,1:40:00,SFO,LAX
022ac4fedc6da947d77bacb2a819b59ce774b2371346a8bcb5b503588acbce99,AS 3306,AS,2023-10-08,11:10,2023-10-08,12:45,1:35:00,SFO,LAX
c77dbe88026e1daefac1434b91fa9c2d8da3a006c6fb45f96c5526304109c1d5,AS 3342,AS,2023-10-08,13:25,2023-10-08,14:55,1:30:00,SFO,LAX
8279e03b977b2ad45da65fe1e2457d61501145f3e4d3457c0024b3adb7231084,AS 3398,AS,2023-10-08,16:09,2023-10-08,17:35,1:26:00,SFO,LAX
6070b9830ea19884d2e9d9112396c2e7629e1d1d3de761f9777c1242e7907c3d,DL 2614,DL,2023-10-08,08:35,2023-10-08,10:09,1:34:00,SFO,LAX
bd3a547f8d3c157b48b5d3cb4859765302758f9fc1980f1da5c91d36acbc8ee9,AA 3179,AA,2023-10-08,08:35,2023-10-08,10:10,1:35:00,SFO,LAX
c795084097e2079d98ecdc3aa302df5bb7458e458e93a0b2ac029d7245b06111,DL 2267,DL,2023-10-08,16:09,2023-10-08,17:40,1:31:00,SFO,LAX
00e66c3d8401f35de1f0d4939450dd7df90ce3fb454f12954a329e7617bcfc22,DL 2581,DL,2023-10-08,10:59,2023-10-08,12:34,1:35:00,SFO,LAX
58753369096e54b1e29c01a6d70eb26d937a7000567ab2aaca307f6bd99dcecd,DL 2272,DL,2023-10-08,13:05,2023-10-08,14:40,1:35:00,SFO,LAX
ddcad42b5d5c6a1c7a9dc2d476c3faaf77834c5ddb8f2c18da370bfd3b2bff37,DL 789,DL,2023-10-08,18:40,2023-10-08,20:14,1:34:00,SFO,LAX
17ee7078451ea2de349ce63de85b197c206aa90a9529531848014242f766587e,UA 2166,UA,2023-10-08,10:35,2023-10-08,12:05,1:30:00,SFO,LAX
897970fa5c43e719bc301015c09a2a0fbb07fb2adcd512d25a6220d86fc711bc,AS 3480,AS,2023-10-08,09:00,2023-10-08,10:35,1:35:00,SFO,LAX
7f06af460540ec17de467e188f46ab7f86052f168f1aa97ec34f18858c569796,UA 1008,UA,2023-10-08,15:25,2023-10-08,16:57,1:32:00,SFO,LAX
69e6b9ff3cb9f8ca75aeaec28e7b1334ff3585a3fd795309db9eb16da09f5dd4,AS 3433,AS,2023-10-08,18:55,2023-10-08,20:24,1:29:00,SFO,LAX
ab004f786bb2801c893c026a7b89848ef0c9839e4cdc640fedd8072afceb7b70,UA 1962,UA,2023-10-08,13:30,2023-10-08,15:02,1:32:00,SFO,LAX
874348c3faa9d2b4c4a018129f07792fe855433b0045290ef725af70a10a9936,UA 1200,UA,2023-10-08,18:30,2023-10-08,20:02,1:32:00,SFO,LAX
ed74d4fb98f249b8e3460a6d3b7e5af9fc716a2b5b02daf7f58cd5273e7aeb47,UA 2096,UA,2023-10-08,19:45,2023-10-08,21:17,1:32:00,SFO,LAX
e9efe655a6bae8a2be53d438d44fa6b57fb6113dd4fbd848f8588b3e5b7f1b03,UA 395,UA,2023-10-08,22:46,2023-10-09,00:18,1:32:00,SFO,LAX
2dafad2f485f2b1eda576c8b04b38c3b04ab31796160a33263eee574bdaed212,AA 4885,AA,2023-10-08,11:10,2023-10-08,12:45,1:35:00,SFO,LAX
19b4d15af5c9cdb4d99d262d4f05c6f85fc7615868b92d187e899d58c00581d4,AA 3162,AA,2023-10-08,14:01,2023-10-08,15:35,1:34:00,SFO,LAX
70f171727233e2166ea5898ce1d9d80b402c0c2640342a755615d4368dae49ed,AA 4884,AA,2023-10-08,17:30,2023-10-08,19:04,1:34:00,SFO,LAX
54f8e8aef1d52549e5e8c483370087fd3af033bd6bf4e0808d112d6eb997f925,AS 3412,AS,2023-10-08,20:45,2023-10-08,22:14,1:29:00,SFO,LAX
04bae2fda29e02ec3bcd49145a6a70c133fd77c605395fa12e3fbcc53ffe70fa,DL 2054,DL,2023-10-08,20:20,2023-10-08,21:56,1:36:00,SFO,LAX
3539337bc95e71c04559c2247ef70dc4bebfa54f2ebd13f6bf4045339fd968da,B6 2836,B6,2023-10-08,13:00,2023-10-08,14:31,1:31:00,SFO,LAX
fe98910abef88719b3cfb41387774f5d759cf1fe0b4c4606b7a6d2100927b5c8,WN 2208,WN,2023-10-08,06:15,2023-10-08,07:30,1:15:00,SFO,LAX
b55b797ca2de1205fc5681fbb178298a1b51665430b0169d03cb079d857f45eb,WN 667,WN,2023-10-08,09:05,2023-10-08,10:35,1:30:00,SFO,LAX
79f5dccbb944e090f6ba87c0898aa6f26859aa088c425ee02b625eae4f4fb69c,WN 563,WN,2023-10-08,16:55,2023-10-08,18:20,1:25:00,SFO,LAX
45ac5bd373b1e77f7e56227d0bc553dae4032aeb4208c2770cf7367e1a1476d2,WN 3245,WN,2023-10-08,19:10,2023-10-08,20:35,1:25:00,SFO,LAX
